asset_id,generator,zone,technology,cost_key,installed_capacity,p_min_mw,availability_factor,available_from_year,earliest_commissioning_year,fixed_commissioning_year,commissioning_type,commissioning_year_source,enabled,status,plant,plant_slug,tech,tech_name,plant_type,substation,region,edgs_scenario,edgs_earliest_commissioning_year,edgs_fixed_commissioning_year,topology,requires_hydro_asset,requires_vre_profile,commissioning_policy,builder_version
gas_peaker_auckland_generic_ocgt_peaker_3_otahuhu,gas_peaker,auckland,gas_peaker,gas_peaker_auckland_generic_ocgt_peaker_3_otahuhu,100.000000,0.000000,1.000000,2026,2026,,flexible,edgs_earliest_commissioning_year;shifted_after_base_year,True,Generic,Generic OCGT peaker: 3 (Otahuhu),generic_ocgt_peaker_3_otahuhu,GasPkr,"Peaker, gas-fired OCGT",PELE,OTA,Auckland,Reference,2025,,14,False,False,status_first,2026-09-02-central-costs-scenarios-availability
gas_peaker_auckland_generic_ocgt_peaker_4_southdown,gas_peaker,auckland,gas_peaker,gas_peaker_auckland_generic_ocgt_peaker_4_southdown,100.000000,0.000000,1.000000,2026,2026,,flexible,edgs_earliest_commissioning_year;shifted_after_base_year,True,Generic,Generic OCGT peaker: 4 (Southdown),generic_ocgt_peaker_4_southdown,GasPkr,"Peaker, gas-fired OCGT",PELE,SWN,Auckland,Reference,2025,,14,False,False,status_first,2026-09-02-central-costs-scenarios-availability
gas_peaker_auckland_generic_ocgt_peaker_7_otahuhu,gas_peaker,auckland,gas_peaker,gas_peaker_auckland_generic_ocgt_peaker_7_otahuhu,100.000000,0.000000,1.000000,2035,2035,,flexible,edgs_earliest_commissioning_year,True,Generic,Generic OCGT peaker: 7 (Otahuhu),generic_ocgt_peaker_7_otahuhu,GasPkr,"Peaker, gas-fired OCGT",PELE,OTA,Auckland,Reference,2035,,14,False,False,status_first,2026-09-02-central-costs-scenarios-availability
other_cogeneration_auckland_glenbrook_cogeneration_power_plant,other_cogeneration,auckland,other_cogeneration,other_cogeneration_auckland_glenbrook_cogeneration_power_plant,0.000000,0.000000,1.000000,,,,existing,edgs_status_current,True,Current,Glenbrook cogeneration power plant,glenbrook_cogeneration_power_plant,OthCog,"Cogeneration, other",ACHP,GLN,Auckland,Reference,,,14,False,False,status_first,2026-09-02-central-costs-scenarios-availability
solar_auckland_generic_solar_101_200mw_60,solar,auckland,solar,solar_auckland_generic_solar_101_200mw_60,140.000000,0.000000,1.000000,2030,2030,,flexible,edgs_earliest_commissioning_year,True,Generic,Generic solar (101-200MW): 60,generic_solar_101_200mw_60,Solar,Solar,PELE,PAK,Auckland,Reference,2030,,14,False,True,status_first,2026-09-02-central-costs-scenarios-availability
solar_auckland_helensville_solar_farm,solar,auckland,solar,solar_auckland_helensville_solar_farm,53.000000,0.000000,1.000000,2030,2030,,flexible,assumed_from_status_applied_for_consent,True,Applied for consent,Helensville solar farm,helensville_solar_farm,Solar,Solar,PELE,HPI,Auckland,Reference,,,14,False,True,status_first,2026-09-02-central-costs-scenarios-availability
solar_auckland_kaipara_solar_farm,solar,auckland,solar,solar_auckland_kaipara_solar_farm,70.000000,0.000000,1.000000,2026,2026,,flexible,edgs_earliest_commissioning_year,True,Announced,Kaipara solar farm,kaipara_solar_farm,Solar,Solar,PELE,HPI,Auckland,Reference,2026,,14,False,True,status_first,2026-09-02-central-costs-scenarios-availability
solar_auckland_lodestone_whitianga,solar,auckland,solar,solar_auckland_lodestone_whitianga,31.000000,0.000000,1.000000,2026,2026,,flexible,edgs_earliest_commissioning_year;shifted_after_base_year,True,Fully consented,Lodestone Whitianga,lodestone_whitianga,Solar,Solar,PELE,KPU,Auckland,Reference,2025,,14,False,True,status_first,2026-09-02-central-costs-scenarios-availability
wind_auckland_generic_wind_no_26,wind,auckland,wind,wind_auckland_generic_wind_no_26,100.000000,0.000000,1.000000,2035,2035,,flexible,assumed_from_status_generic,True,Generic,Generic Wind No. 26,generic_wind_no_26,Wind,Wind,PELE,GLN,Auckland,Reference,,,14,False,True,status_first,2026-09-02-central-costs-scenarios-availability
wind_auckland_generic_wind_no_79,wind,auckland,wind,wind_auckland_generic_wind_no_79,150.000000,0.000000,1.000000,2035,2035,,flexible,assumed_from_status_generic,True,Generic,Generic Wind No. 79,generic_wind_no_79,Wind,Wind,PELE,GLN,Auckland,Reference,,,14,False,True,status_first,2026-09-02-central-costs-scenarios-availability
wind_auckland_waiuku_wind_farm,wind,auckland,wind,wind_auckland_waiuku_wind_farm,85.000000,0.000000,1.000000,2027,2027,,flexible,edgs_earliest_commissioning_year,True,Applied for consent,Waiuku Wind Farm,waiuku_wind_farm,Wind,Wind,PELE,SWN,Auckland,Reference,2027,,14,False,True,status_first,2026-09-02-central-costs-scenarios-availability
geothermal_bay_of_plenty_kawerau,geothermal,bay_of_plenty,geothermal,geothermal_bay_of_plenty_kawerau,103.000000,0.000000,0.850000,,,,existing,edgs_status_current,True,Current,Kawerau,kawerau,Geo,Geothermal,PELE,KAW,Bay of Plenty,Reference,,,14,False,False,status_first,2026-09-02-central-costs-scenarios-availability
geothermal_bay_of_plenty_kawerau_topp1,geothermal,bay_of_plenty,geothermal,geothermal_bay_of_plenty_kawerau_topp1,21.500000,0.000000,0.850000,,,,existing,edgs_status_current,True,Current,Kawerau (TOPP1),kawerau_topp1,Geo,Geothermal,PELE,KAW,Bay of Plenty,Reference,,,14,False,False,status_first,2026-09-02-central-costs-scenarios-availability
geothermal_bay_of_plenty_kawerau_topp2,geothermal,bay_of_plenty,geothermal,geothermal_bay_of_plenty_kawerau_topp2,49.000000,0.000000,0.850000,2026,,2026,fixed,assumed_from_status_under_construction,True,Under construction,Kawerau (TOPP2),kawerau_topp2,Geo,Geothermal,PELE,KAW,Bay of Plenty,Reference,,,14,False,False,status_first,2026-09-02-central-costs-scenarios-availability
geothermal_bay_of_plenty_te_ahi_o_maui_ka22,geothermal,bay_of_plenty,geothermal,geothermal_bay_of_plenty_te_ahi_o_maui_ka22,25.000000,0.000000,0.850000,,,,existing,edgs_status_current,True,Current,Te Ahi O Maui (KA22),te_ahi_o_maui_ka22,Geo,Geothermal,PELE,KAW,Bay of Plenty,Reference,,,14,False,False,status_first,2026-09-02-central-costs-scenarios-availability
geothermal_bay_of_plenty_taheke_geothermal_project,geothermal,bay_of_plenty,geothermal,geothermal_bay_of_plenty_taheke_geothermal_project,35.000000,0.000000,0.850000,2030,2030,,flexible,edgs_earliest_commissioning_year,True,Applied for consent,Tāheke Geothermal Project,taheke_geothermal_project,Geo,Geothermal,PELE,KAW,Bay of Plenty,Reference,2030,,14,False,False,status_first,2026-09-02-central-costs-scenarios-availability
geothermal_bay_of_plenty_taheke_stage_2,geothermal,bay_of_plenty,geothermal,geothermal_bay_of_plenty_taheke_stage_2,25.000000,0.000000,0.850000,2040,2040,,flexible,edgs_earliest_commissioning_year,True,Generic,Tāheke: Stage 2,taheke_stage_2,Geo,Geothermal,PELE,KAW,Bay of Plenty,Reference,2040,,14,False,False,status_first,2026-09-02-central-costs-scenarios-availability
geothermal_bay_of_plenty_taheke_stage_3,geothermal,bay_of_plenty,geothermal,geothermal_bay_of_plenty_taheke_stage_3,25.000000,0.000000,0.850000,2050,2050,,flexible,edgs_earliest_commissioning_year,True,Generic,Tāheke: Stage 3,taheke_stage_3,Geo,Geothermal,PELE,KAW,Bay of Plenty,Reference,2050,,14,False,False,status_first,2026-09-02-central-costs-scenarios-availability
hydro_storage_bay_of_plenty_bay_of_plenty_hydro_scheme_embedded,hydro_storage,bay_of_plenty,hydro_storage,hydro_storage_bay_of_plenty_bay_of_plenty_hydro_scheme_embedded,25.300000,0.000000,1.000000,,,,existing,edgs_status_current,True,Current,Bay of Plenty hydro scheme (embedded),bay_of_plenty_hydro_scheme_embedded,HydSC,"Hydro, schedulable",PELE,TGA,Bay of Plenty,Reference,,,14,True,False,status_first,2026-09-02-central-costs-scenarios-availability
hydro_storage_bay_of_plenty_bay_of_plenty_hydro_schemes,hydro_storage,bay_of_plenty,hydro_storage,hydro_storage_bay_of_plenty_bay_of_plenty_hydro_schemes,147.600000,0.000000,1.000000,,,,existing,edgs_status_current,True,Current,Bay of Plenty hydro schemes,bay_of_plenty_hydro_schemes,HydSC,"Hydro, schedulable",PELE,TGA,Bay of Plenty,Reference,,,14,True,False,status_first,2026-09-02-central-costs-scenarios-availability
solar_bay_of_plenty_edgecumbe_solar_helios,solar,bay_of_plenty,solar,solar_bay_of_plenty_edgecumbe_solar_helios,115.000000,0.000000,1.000000,2026,2026,,flexible,edgs_earliest_commissioning_year;shifted_after_base_year,True,Fully consented,Edgecumbe solar (Helios),edgecumbe_solar_helios,Solar,Solar,PELE,EDG,Bay of Plenty,Reference,2025,,14,False,True,status_first,2026-09-02-central-costs-scenarios-availability
solar_bay_of_plenty_edgecumbe_solar_farm_fnsf,solar,bay_of_plenty,solar,solar_bay_of_plenty_edgecumbe_solar_farm_fnsf,38.000000,0.000000,1.000000,2030,2030,,flexible,assumed_from_status_fully_consented,True,Fully consented,Edgecumbe solar farm (FNSF),edgecumbe_solar_farm_fnsf,Solar,Solar,PELE,EDG,Bay of Plenty,Reference,,,14,False,True,status_first,2026-09-02-central-costs-scenarios-availability
solar_bay_of_plenty_generic_solar_101_200mw_55,solar,bay_of_plenty,solar,solar_bay_of_plenty_generic_solar_101_200mw_55,180.000000,0.000000,1.000000,2030,2030,,flexible,edgs_earliest_commissioning_year,True,Generic,Generic solar (101-200MW): 55,generic_solar_101_200mw_55,Solar,Solar,PELE,TGA,Bay of Plenty,Reference,2030,,14,False,True,status_first,2026-09-02-central-costs-scenarios-availability
solar_bay_of_plenty_lodestone_rangitaiki_solar_farm,solar,bay_of_plenty,solar,solar_bay_of_plenty_lodestone_rangitaiki_solar_farm,32.000000,0.000000,1.000000,,,,existing,edgs_status_current,True,Current,Lodestone Rangitaiki solar farm,lodestone_rangitaiki_solar_farm,Solar,Solar,PELE,EDG,Bay of Plenty,Reference,,2024,14,False,True,status_first,2026-09-02-central-costs-scenarios-availability
solar_bay_of_plenty_lodestone_te_herenga_o_te_ra_solar_farm,solar,bay_of_plenty,solar,solar_bay_of_plenty_lodestone_te_herenga_o_te_ra_solar_farm,30.000000,0.000000,1.000000,2026,,2026,fixed,assumed_from_status_under_construction,True,Under construction,Lodestone Te Herenga o Te Rā solar farm,lodestone_te_herenga_o_te_ra_solar_farm,Solar,Solar,PELE,WAI,Bay of Plenty,Reference,,,14,False,True,status_first,2026-09-02-central-costs-scenarios-availability
solar_bay_of_plenty_rangitaiki_solar_stage_1,solar,bay_of_plenty,solar,solar_bay_of_plenty_rangitaiki_solar_stage_1,150.000000,0.000000,1.000000,2026,2026,,flexible,edgs_fixed_commissioning_year_treated_as_candidate_availability;shifted_after_base_year,True,Fully consented,Rangitāiki solar (Stage 1),rangitaiki_solar_stage_1,Solar,Solar,PELE,RNG,Bay of Plenty,Reference,,2024,14,False,True,status_first,2026-09-02-central-costs-scenarios-availability
solar_bay_of_plenty_rangitaiki_solar_stage_2,solar,bay_of_plenty,solar,solar_bay_of_plenty_rangitaiki_solar_stage_2,150.000000,0.000000,1.000000,2026,2026,,flexible,edgs_fixed_commissioning_year_treated_as_candidate_availability,True,Fully consented,Rangitāiki solar (Stage 2),rangitaiki_solar_stage_2,Solar,Solar,PELE,RNG,Bay of Plenty,Reference,,2026,14,False,True,status_first,2026-09-02-central-costs-scenarios-availability
solar_bay_of_plenty_rangitaiki_solar_stage_3,solar,bay_of_plenty,solar,solar_bay_of_plenty_rangitaiki_solar_stage_3,100.000000,0.000000,1.000000,2027,2027,,flexible,edgs_fixed_commissioning_year_treated_as_candidate_availability,True,Fully consented,Rangitāiki solar (Stage 3),rangitaiki_solar_stage_3,Solar,Solar,PELE,RNG,Bay of Plenty,Reference,,2027,14,False,True,status_first,2026-09-02-central-costs-scenarios-availability
solar_bay_of_plenty_waiotahe_solar_farm,solar,bay_of_plenty,solar,solar_bay_of_plenty_waiotahe_solar_farm,81.000000,0.000000,1.000000,2030,2030,,flexible,assumed_from_status_fully_consented,True,Fully consented,Waiotahe solar farm,waiotahe_solar_farm,Solar,Solar,PELE,WAI,Bay of Plenty,Reference,,,14,False,True,status_first,2026-09-02-central-costs-scenarios-availability
bio_reciprocating_canterbury_generic_reciprocating_biogas_2_christchurch,bio_reciprocating,canterbury,bio_reciprocating,bio_reciprocating_canterbury_generic_reciprocating_biogas_2_christchurch,10.000000,0.000000,1.000000,2035,2035,,flexible,edgs_earliest_commissioning_year,True,Generic,Generic Reciprocating Biogas: 2 (Christchurch),generic_reciprocating_biogas_2_christchurch,BioRecip,Reciprocating Biogas engine,PELE,ISL,Canterbury,Reference,2035,,14,False,False,status_first,2026-09-02-central-costs-scenarios-availability
hydro_peaking_canterbury_lake_pukaki_hydro_plant,hydro_peaking,canterbury,hydro_peaking,hydro_peaking_canterbury_lake_pukaki_hydro_plant,35.000000,0.000000,1.000000,2040,2040,,flexible,assumed_from_status_consent_lapsed,True,Consent lapsed,Lake Pūkaki hydro plant,lake_pukaki_hydro_plant,HydPK,"Hydro, peaking",PELE,TWZ,Canterbury,Reference,,,14,True,False,status_first,2026-09-02-central-costs-scenarios-availability
hydro_run_of_river_canterbury_bush_stream_hydro_plant,hydro_run_of_river,canterbury,hydro_run_of_river,hydro_run_of_river_canterbury_bush_stream_hydro_plant,30.000000,0.000000,1.000000,2035,2035,,flexible,assumed_from_status_generic,True,Generic,Bush Stream hydro plant,bush_stream_hydro_plant,HydRR,"Hydro, run of river",PELE,HOR,Canterbury,Reference,,,14,True,False,status_first,2026-09-02-central-costs-scenarios-availability
hydro_run_of_river_canterbury_clarence_hydro_waiau_diversions,hydro_run_of_river,canterbury,hydro_run_of_river,hydro_run_of_river_canterbury_clarence_hydro_waiau_diversions,70.000000,0.000000,1.000000,2035,2035,,flexible,assumed_from_status_generic,True,Generic,Clarence hydro: Waiau Diversions,clarence_hydro_waiau_diversions,HydRR,"Hydro, run of river",PELE,CUL,Canterbury,Reference,,,14,True,False,status_first,2026-09-02-central-costs-scenarios-availability
hydro_run_of_river_canterbury_potts_river_hydro,hydro_run_of_river,canterbury,hydro_run_of_river,hydro_run_of_river_canterbury_potts_river_hydro,35.000000,0.000000,1.000000,2035,2035,,flexible,assumed_from_status_generic,True,Generic,Potts River hydro,potts_river_hydro,HydRR,"Hydro, run of river",PELE,HOR,Canterbury,Reference,,,14,True,False,status_first,2026-09-02-central-costs-scenarios-availability
hydro_run_of_river_canterbury_rakaia_river_dam,hydro_run_of_river,canterbury,hydro_run_of_river,hydro_run_of_river_canterbury_rakaia_river_dam,3.000000,0.000000,1.000000,2040,2040,,flexible,assumed_from_status_potential,True,Potential,Rakaia River dam,rakaia_river_dam,HydRR,"Hydro, run of river",PELE,ASB,Canterbury,Reference,,,14,True,False,status_first,2026-09-02-central-costs-scenarios-availability
hydro_storage_canterbury_christchurch_hydro_scheme_embedded,hydro_storage,canterbury,hydro_storage,hydro_storage_canterbury_christchurch_hydro_scheme_embedded,26.800000,0.000000,1.000000,,,,existing,edgs_status_current,True,Current,Christchurch hydro scheme (embedded),christchurch_hydro_scheme_embedded,HydSC,"Hydro, schedulable",PELE,CUL,Canterbury,Reference,,,14,True,False,status_first,2026-09-02-central-costs-scenarios-availability
hydro_storage_canterbury_coleridge,hydro_storage,canterbury,hydro_storage,hydro_storage_canterbury_coleridge,39.500000,0.000000,1.000000,,,,existing,edgs_status_current,True,Current,Coleridge,coleridge,HydSC,"Hydro, schedulable",PELE,COL,Canterbury,Reference,,,14,True,False,status_first,2026-09-02-central-costs-scenarios-availability
hydro_storage_canterbury_waitaki_hydro_scheme,hydro_storage,canterbury,hydro_storage,hydro_storage_canterbury_waitaki_hydro_scheme,1743.000000,0.000000,1.000000,,,,existing,edgs_status_current,True,Current,Waitaki hydro scheme,waitaki_hydro_scheme,HydSC,"Hydro, schedulable",PELE,WTK,Canterbury,Reference,,,14,True,False,status_first,2026-09-02-central-costs-scenarios-availability
solar_canterbury_brookside_solar_farm,solar,canterbury,solar,solar_canterbury_brookside_solar_farm,50.000000,0.000000,1.000000,2030,2030,,flexible,assumed_from_status_fully_consented,True,Fully consented,Brookside solar farm,brookside_solar_farm,Solar,Solar,PELE,ISL,Canterbury,Reference,,,14,False,True,status_first,2026-09-02-central-costs-scenarios-availability
solar_canterbury_clandeboye_solar_farm,solar,canterbury,solar,solar_canterbury_clandeboye_solar_farm,27.000000,0.000000,1.000000,2026,2026,,flexible,edgs_earliest_commissioning_year,True,Fully consented,Clandeboye solar farm,clandeboye_solar_farm,Solar,Solar,PELE,TMK,Canterbury,Reference,2026,,14,False,True,status_first,2026-09-02-central-costs-scenarios-availability
solar_canterbury_dunsandel_solar_farm,solar,canterbury,solar,solar_canterbury_dunsandel_solar_farm,60.000000,0.000000,1.000000,2026,2026,,flexible,edgs_earliest_commissioning_year,True,Fully consented,Dunsandel solar farm,dunsandel_solar_farm,Solar,Solar,PELE,NOR,Canterbury,Reference,2026,,14,False,True,status_first,2026-09-02-central-costs-scenarios-availability
solar_canterbury_generic_solar_200mw+_2,solar,canterbury,solar,solar_canterbury_generic_solar_200mw+_2,200.000000,0.000000,1.000000,2026,2026,,flexible,edgs_earliest_commissioning_year;shifted_after_base_year,True,Generic,Generic solar (200MW+): 2,generic_solar_200mw+_2,Solar,Solar,PELE,OHC,Canterbury,Reference,2020,,14,False,True,status_first,2026-09-02-central-costs-scenarios-availability
solar_canterbury_generic_solar_200mw+_87,solar,canterbury,solar,solar_canterbury_generic_solar_200mw+_87,200.000000,0.000000,1.000000,2026,2026,,flexible,edgs_earliest_commissioning_year;shifted_after_base_year,True,Generic,Generic solar (200MW+): 87,generic_solar_200mw+_87,Solar,Solar,PELE,OHC,Canterbury,Reference,2025,,14,False,True,status_first,2026-09-02-central-costs-scenarios-availability
solar_canterbury_generic_solar_<100_mw_40,solar,canterbury,solar,solar_canterbury_generic_solar_<100_mw_40,60.000000,0.000000,1.000000,2026,2026,,flexible,edgs_earliest_commissioning_year;shifted_after_base_year,True,Generic,Generic solar (<100 MW): 40,generic_solar_<100_mw_40,Solar,Solar,PELE,CUL,Canterbury,Reference,2025,,14,False,True,status_first,2026-09-02-central-costs-scenarios-availability
solar_canterbury_generic_solar_<100_mw_79,solar,canterbury,solar,solar_canterbury_generic_solar_<100_mw_79,80.000000,0.000000,1.000000,2030,2030,,flexible,edgs_earliest_commissioning_year,True,Generic,Generic solar (<100 MW): 79,generic_solar_<100_mw_79,Solar,Solar,PELE,ASY,Canterbury,Reference,2030,,14,False,True,status_first,2026-09-02-central-costs-scenarios-availability
solar_canterbury_kowhai_park_solar_farm,solar,canterbury,solar,solar_canterbury_kowhai_park_solar_farm,150.000000,0.000000,1.000000,2026,2026,,flexible,edgs_earliest_commissioning_year;shifted_after_base_year,True,Early stages,Kōwhai Park solar farm,kowhai_park_solar_farm,Solar,Solar,PELE,ISL,Canterbury,Reference,2025,,14,False,True,status_first,2026-09-02-central-costs-scenarios-availability
solar_canterbury_lauriston_solar_farm,solar,canterbury,solar,solar_canterbury_lauriston_solar_farm,63.000000,0.000000,1.000000,2026,,2026,fixed,edgs_year_shifted_after_base_year,True,Under construction,Lauriston solar farm,lauriston_solar_farm,Solar,Solar,PELE,ASB,Canterbury,Reference,,2024,14,False,True,status_first,2026-09-02-central-costs-scenarios-availability
solar_canterbury_mt_somers_solar_farm,solar,canterbury,solar,solar_canterbury_mt_somers_solar_farm,27.000000,0.000000,1.000000,2026,2026,,flexible,edgs_earliest_commissioning_year,True,Fully consented,Mt Somers solar farm,mt_somers_solar_farm,Solar,Solar,PELE,ASB,Canterbury,Reference,2026,,14,False,True,status_first,2026-09-02-central-costs-scenarios-availability
solar_canterbury_ohau_a_solar_plant,solar,canterbury,solar,solar_canterbury_ohau_a_solar_plant,278.000000,0.000000,1.000000,2035,2035,,flexible,assumed_from_status_announced,True,Announced,Ohau A solar plant,ohau_a_solar_plant,Solar,Solar,PELE,OHA,Canterbury,Reference,,,14,False,True,status_first,2026-09-02-central-costs-scenarios-availability
solar_canterbury_swannanoa_solar_farm,solar,canterbury,solar,solar_canterbury_swannanoa_solar_farm,130.000000,0.000000,1.000000,2026,2026,,flexible,edgs_earliest_commissioning_year,True,Announced,Swannanoa solar farm,swannanoa_solar_farm,Solar,Solar,PELE,ISL,Canterbury,Reference,2026,,14,False,True,status_first,2026-09-02-central-costs-scenarios-availability
solar_canterbury_the_point_solar_farm,solar,canterbury,solar,solar_canterbury_the_point_solar_farm,420.000000,0.000000,1.000000,2030,2030,,flexible,assumed_from_status_applied_for_consent,True,Applied for consent,The Point solar farm,the_point_solar_farm,Solar,Solar,PELE,OHC,Canterbury,Reference,,,14,False,True,status_first,2026-09-02-central-costs-scenarios-availability
solar_canterbury_waipara_solar_farm,solar,canterbury,solar,solar_canterbury_waipara_solar_farm,144.000000,0.000000,1.000000,2035,2035,,flexible,assumed_from_status_announced,True,Announced,Waipara solar farm,waipara_solar_farm,Solar,Solar,PELE,WPR,Canterbury,Reference,,,14,False,True,status_first,2026-09-02-central-costs-scenarios-availability
wind_canterbury_generic_wind_no_69,wind,canterbury,wind,wind_canterbury_generic_wind_no_69,100.000000,0.000000,1.000000,2035,2035,,flexible,assumed_from_status_generic,True,Generic,Generic Wind No. 69,generic_wind_no_69,Wind,Wind,PELE,WPR,Canterbury,Reference,,,14,False,True,status_first,2026-09-02-central-costs-scenarios-availability
wind_canterbury_mount_cass_wind_farm,wind,canterbury,wind,wind_canterbury_mount_cass_wind_farm,94.600000,0.000000,1.000000,2026,2026,,flexible,edgs_earliest_commissioning_year;shifted_after_base_year,True,Fully consented,Mount Cass wind farm,mount_cass_wind_farm,Wind,Wind,PELE,WPR,Canterbury,Reference,2025,,14,False,True,status_first,2026-09-02-central-costs-scenarios-availability
wind_canterbury_project_hurunui_wind_farm,wind,canterbury,wind,wind_canterbury_project_hurunui_wind_farm,76.000000,0.000000,1.000000,2035,2035,,flexible,assumed_from_status_generic,True,Generic,Project Hurunui Wind Farm,project_hurunui_wind_farm,Wind,Wind,PELE,WPR,Canterbury,Reference,,,14,False,True,status_first,2026-09-02-central-costs-scenarios-availability
diesel_peaker_hawkes_bay_whirinaki_peaker_plant,diesel_peaker,hawkes_bay,diesel_peaker,diesel_peaker_hawkes_bay_whirinaki_peaker_plant,155.000000,0.000000,1.000000,,,,existing,edgs_status_current,True,Current,Whirinaki peaker plant,whirinaki_peaker_plant,DslPkr,"Peaker, diesel-fired OCGT",PELE,WHI,Hawke's Bay,Reference,,,14,False,False,status_first,2026-09-02-central-costs-scenarios-availability
hydro_storage_hawkes_bay_waikaremoana_hydro_scheme,hydro_storage,hawkes_bay,hydro_storage,hydro_storage_hawkes_bay_waikaremoana_hydro_scheme,138.000000,0.000000,1.000000,,,,existing,edgs_status_current,True,Current,Waikaremoana hydro scheme,waikaremoana_hydro_scheme,HydSC,"Hydro, schedulable",PELE,TUI,Hawke's Bay,Reference,,,14,True,False,status_first,2026-09-02-central-costs-scenarios-availability
solar_hawkes_bay_generic_solar_200mw+_15,solar,hawkes_bay,solar,solar_hawkes_bay_generic_solar_200mw+_15,200.000000,0.000000,1.000000,2026,2026,,flexible,edgs_earliest_commissioning_year;shifted_after_base_year,True,Generic,Generic solar (200MW+): 15,generic_solar_200mw+_15,Solar,Solar,PELE,WTU,Hawke's Bay,Reference,2025,,14,False,True,status_first,2026-09-02-central-costs-scenarios-availability
solar_hawkes_bay_hawkes_bay_airport_solar_farm,solar,hawkes_bay,solar,solar_hawkes_bay_hawkes_bay_airport_solar_farm,40.000000,0.000000,1.000000,2026,2026,,flexible,edgs_earliest_commissioning_year;shifted_after_base_year,True,Announced,Hawke's Bay Airport solar farm,hawkes_bay_airport_solar_farm,Solar,Solar,PELE,RDF,Hawke's Bay,Reference,2025,,14,False,True,status_first,2026-09-02-central-costs-scenarios-availability
solar_hawkes_bay_ongaonga_solar_helios,solar,hawkes_bay,solar,solar_hawkes_bay_ongaonga_solar_helios,100.000000,0.000000,1.000000,2035,2035,,flexible,assumed_from_status_announced,True,Announced,Ongaonga solar (Helios),ongaonga_solar_helios,Solar,Solar,PELE,WPW,Hawke's Bay,Reference,,,14,False,True,status_first,2026-09-02-central-costs-scenarios-availability
solar_hawkes_bay_ongaonga_solar_farm_sky_solar,solar,hawkes_bay,solar,solar_hawkes_bay_ongaonga_solar_farm_sky_solar,70.000000,0.000000,1.000000,2026,2026,,flexible,edgs_fixed_commissioning_year_treated_as_candidate_availability;shifted_after_base_year,True,Fully consented,Ongaonga solar farm (Sky Solar),ongaonga_solar_farm_sky_solar,Solar,Solar,PELE,WPW,Hawke's Bay,Reference,,2024,14,False,True,status_first,2026-09-02-central-costs-scenarios-availability
solar_hawkes_bay_tikokino_solar_farm,solar,hawkes_bay,solar,solar_hawkes_bay_tikokino_solar_farm,43.000000,0.000000,1.000000,2035,2035,,flexible,assumed_from_status_announced,True,Announced,Tikokino solar farm,tikokino_solar_farm,Solar,Solar,PELE,WPW,Hawke's Bay,Reference,,,14,False,True,status_first,2026-09-02-central-costs-scenarios-availability
wind_hawkes_bay_generic_wind_no_32,wind,hawkes_bay,wind,wind_hawkes_bay_generic_wind_no_32,50.000000,0.000000,1.000000,2035,2035,,flexible,assumed_from_status_generic,True,Generic,Generic Wind No. 32,generic_wind_no_32,Wind,Wind,PELE,TUI,Hawke's Bay,Reference,,,14,False,True,status_first,2026-09-02-central-costs-scenarios-availability
wind_hawkes_bay_generic_wind_no_70,wind,hawkes_bay,wind,wind_hawkes_bay_generic_wind_no_70,150.000000,0.000000,1.000000,2035,2035,,flexible,assumed_from_status_generic,True,Generic,Generic Wind No. 70,generic_wind_no_70,Wind,Wind,PELE,TUI,Hawke's Bay,Reference,,,14,False,True,status_first,2026-09-02-central-costs-scenarios-availability
wind_hawkes_bay_harapaki_wind_farm,wind,hawkes_bay,wind,wind_hawkes_bay_harapaki_wind_farm,176.000000,0.000000,1.000000,2026,,2026,fixed,edgs_year_shifted_after_base_year,True,Under construction,Harapaki wind farm,harapaki_wind_farm,Wind,Wind,PELE,RDF,Hawke's Bay,Reference,,2024,14,False,True,status_first,2026-09-02-central-costs-scenarios-availability
hydro_storage_manawatu_whanganui_mangahao,hydro_storage,manawatu_whanganui,hydro_storage,hydro_storage_manawatu_whanganui_mangahao,39.000000,0.000000,1.000000,,,,existing,edgs_status_current,True,Current,Mangahao,mangahao,HydSC,"Hydro, schedulable",PELE,MHO,Manawatū-Whanganui,Reference,,,14,True,False,status_first,2026-09-02-central-costs-scenarios-availability
solar_manawatu_whanganui_dannevirke_solar_farm,solar,manawatu_whanganui,solar,solar_manawatu_whanganui_dannevirke_solar_farm,65.000000,0.000000,1.000000,2040,2040,,flexible,assumed_from_status_early_stages,True,Early stages,Dannevirke Solar Farm,dannevirke_solar_farm,Solar,Solar,PELE,DVK,Manawatū-Whanganui,Reference,,,14,False,True,status_first,2026-09-02-central-costs-scenarios-availability
solar_manawatu_whanganui_foxton_solar_farm,solar,manawatu_whanganui,solar,solar_manawatu_whanganui_foxton_solar_farm,42.000000,0.000000,1.000000,2026,,2026,fixed,edgs_year_shifted_after_base_year,True,Under construction,Foxton solar farm,foxton_solar_farm,Solar,Solar,PELE,BPE,Manawatū-Whanganui,Reference,2025,,14,False,True,status_first,2026-09-02-central-costs-scenarios-availability
solar_manawatu_whanganui_karioi_solar_farm,solar,manawatu_whanganui,solar,solar_manawatu_whanganui_karioi_solar_farm,100.000000,0.000000,1.000000,2026,2026,,flexible,edgs_earliest_commissioning_year,True,Announced,Karioi solar farm,karioi_solar_farm,Solar,Solar,PELE,TNG,Manawatū-Whanganui,Reference,2026,,14,False,True,status_first,2026-09-02-central-costs-scenarios-availability
solar_manawatu_whanganui_mangamaire_solar_farm,solar,manawatu_whanganui,solar,solar_manawatu_whanganui_mangamaire_solar_farm,50.000000,0.000000,1.000000,2030,2030,,flexible,assumed_from_status_fully_consented,True,Fully consented,Mangamaire solar farm,mangamaire_solar_farm,Solar,Solar,PELE,LTN,Manawatū-Whanganui,Reference,,,14,False,True,status_first,2026-09-02-central-costs-scenarios-availability
solar_manawatu_whanganui_marton_solar_farm_energy_farms_ltd,solar,manawatu_whanganui,solar,solar_manawatu_whanganui_marton_solar_farm_energy_farms_ltd,95.000000,0.000000,1.000000,2030,2030,,flexible,assumed_from_status_applied_for_consent,True,Applied for consent,Marton Solar Farm (Energy Farms Ltd),marton_solar_farm_energy_farms_ltd,Solar,Solar,PELE,MTN,Manawatū-Whanganui,Reference,,,14,False,True,status_first,2026-09-02-central-costs-scenarios-availability
solar_manawatu_whanganui_marton_solar_farm_harmony,solar,manawatu_whanganui,solar,solar_manawatu_whanganui_marton_solar_farm_harmony,73.000000,0.000000,1.000000,2030,2030,,flexible,assumed_from_status_applied_for_consent,True,Applied for consent,Marton Solar Farm (Harmony),marton_solar_farm_harmony,Solar,Solar,PELE,MTN,Manawatū-Whanganui,Reference,,,14,False,True,status_first,2026-09-02-central-costs-scenarios-availability
solar_manawatu_whanganui_marton_solar_farm,solar,manawatu_whanganui,solar,solar_manawatu_whanganui_marton_solar_farm,41.000000,0.000000,1.000000,2030,2030,,flexible,assumed_from_status_fully_consented,True,Fully consented,Marton solar farm,marton_solar_farm,Solar,Solar,PELE,MTN,Manawatū-Whanganui,Reference,,,14,False,True,status_first,2026-09-02-central-costs-scenarios-availability
solar_manawatu_whanganui_palmerston_north_solar_farm,solar,manawatu_whanganui,solar,solar_manawatu_whanganui_palmerston_north_solar_farm,28.000000,0.000000,1.000000,2026,2026,,flexible,edgs_earliest_commissioning_year;shifted_after_base_year,True,Announced,Palmerston North solar farm,palmerston_north_solar_farm,Solar,Solar,PELE,BPE,Manawatū-Whanganui,Reference,2024,,14,False,True,status_first,2026-09-02-central-costs-scenarios-availability
wind_manawatu_whanganui_generic_wind_no_27,wind,manawatu_whanganui,wind,wind_manawatu_whanganui_generic_wind_no_27,150.000000,0.000000,1.000000,2035,2035,,flexible,assumed_from_status_generic,True,Generic,Generic Wind No. 27,generic_wind_no_27,Wind,Wind,PELE,TWC,Manawatū-Whanganui,Reference,,,14,False,True,status_first,2026-09-02-central-costs-scenarios-availability
wind_manawatu_whanganui_generic_wind_no_48,wind,manawatu_whanganui,wind,wind_manawatu_whanganui_generic_wind_no_48,150.000000,0.000000,1.000000,2035,2035,,flexible,assumed_from_status_generic,True,Generic,Generic Wind No. 48,generic_wind_no_48,Wind,Wind,PELE,TWC,Manawatū-Whanganui,Reference,,,14,False,True,status_first,2026-09-02-central-costs-scenarios-availability
wind_manawatu_whanganui_generic_wind_no_82,wind,manawatu_whanganui,wind,wind_manawatu_whanganui_generic_wind_no_82,300.000000,0.000000,1.000000,2035,2035,,flexible,assumed_from_status_generic,True,Generic,Generic Wind No. 82,generic_wind_no_82,Wind,Wind,PELE,TWC,Manawatū-Whanganui,Reference,,,14,False,True,status_first,2026-09-02-central-costs-scenarios-availability
wind_manawatu_whanganui_generic_wind_no_13,wind,manawatu_whanganui,wind,wind_manawatu_whanganui_generic_wind_no_13,100.000000,0.000000,1.000000,2035,2035,,flexible,assumed_from_status_generic,True,Generic,Generic wind No. 13,generic_wind_no_13,Wind,Wind,PELE,WDV,Manawatū-Whanganui,Reference,,,14,False,True,status_first,2026-09-02-central-costs-scenarios-availability
wind_manawatu_whanganui_manawatu_wind_meridian,wind,manawatu_whanganui,wind,wind_manawatu_whanganui_manawatu_wind_meridian,200.000000,0.000000,1.000000,2035,2035,,flexible,assumed_from_status_announced,True,Announced,Manawatū Wind (Meridian),manawatu_wind_meridian,Wind,Wind,PELE,LTN,Manawatū-Whanganui,Reference,,,14,False,True,status_first,2026-09-02-central-costs-scenarios-availability
wind_manawatu_whanganui_mt_munro_wind_farm,wind,manawatu_whanganui,wind,wind_manawatu_whanganui_mt_munro_wind_farm,60.000000,0.000000,1.000000,2026,2026,,flexible,edgs_earliest_commissioning_year;shifted_after_base_year,True,Applied for consent,Mt Munro wind farm,mt_munro_wind_farm,Wind,Wind,PELE,MGM,Manawatū-Whanganui,Reference,2025,,14,False,True,status_first,2026-09-02-central-costs-scenarios-availability
wind_manawatu_whanganui_ototoka_wind_farm,wind,manawatu_whanganui,wind,wind_manawatu_whanganui_ototoka_wind_farm,150.000000,0.000000,1.000000,2029,2029,,flexible,edgs_earliest_commissioning_year,True,Announced,Ototoka Wind Farm,ototoka_wind_farm,Wind,Wind,PELE,BRK,Manawatū-Whanganui,Reference,2029,,14,False,True,status_first,2026-09-02-central-costs-scenarios-availability
wind_manawatu_whanganui_pahiatua_wind_farm,wind,manawatu_whanganui,wind,wind_manawatu_whanganui_pahiatua_wind_farm,50.000000,0.000000,1.000000,2035,2035,,flexible,assumed_from_status_announced,True,Announced,Pahiatua Wind Farm,pahiatua_wind_farm,Wind,Wind,PELE,MGM,Manawatū-Whanganui,Reference,,,14,False,True,status_first,2026-09-02-central-costs-scenarios-availability
wind_manawatu_whanganui_project_huriwaka,wind,manawatu_whanganui,wind,wind_manawatu_whanganui_project_huriwaka,250.000000,0.000000,1.000000,2027,2027,,flexible,edgs_earliest_commissioning_year,True,Applied for consent,Project Huriwaka,project_huriwaka,Wind,Wind,PELE,TNG,Manawatū-Whanganui,Reference,2027,,14,False,True,status_first,2026-09-02-central-costs-scenarios-availability
wind_manawatu_whanganui_puketoi_wind_farm,wind,manawatu_whanganui,wind,wind_manawatu_whanganui_puketoi_wind_farm,228.000000,0.000000,1.000000,2030,2030,,flexible,assumed_from_status_fully_consented,True,Fully consented,Puketoi wind farm,puketoi_wind_farm,Wind,Wind,PELE,BPE,Manawatū-Whanganui,Reference,,,14,False,True,status_first,2026-09-02-central-costs-scenarios-availability
wind_manawatu_whanganui_tararua_stage_1_and_2,wind,manawatu_whanganui,wind,wind_manawatu_whanganui_tararua_stage_1_and_2,68.000000,0.000000,1.000000,,,,existing,edgs_status_current,True,Current,Tararua Stage 1 & 2,tararua_stage_1_and_2,Wind,Wind,PELE,LTN,Manawatū-Whanganui,Reference,,,14,False,True,status_first,2026-09-02-central-costs-scenarios-availability
wind_manawatu_whanganui_tararua_stage_3,wind,manawatu_whanganui,wind,wind_manawatu_whanganui_tararua_stage_3,93.000000,0.000000,1.000000,,,,existing,edgs_status_current,True,Current,Tararua Stage 3,tararua_stage_3,Wind,Wind,PELE,WDV,Manawatū-Whanganui,Reference,,,14,False,True,status_first,2026-09-02-central-costs-scenarios-availability
wind_manawatu_whanganui_te_rere_hau,wind,manawatu_whanganui,wind,wind_manawatu_whanganui_te_rere_hau,45.500000,0.000000,1.000000,,,,existing,edgs_status_current,True,Current,Te Rere Hau,te_rere_hau,Wind,Wind,PELE,LTN,Manawatū-Whanganui,Reference,,,14,False,True,status_first,2026-09-02-central-costs-scenarios-availability
wind_manawatu_whanganui_te_rere_hau_expansion,wind,manawatu_whanganui,wind,wind_manawatu_whanganui_te_rere_hau_expansion,38.000000,0.000000,1.000000,2026,2026,,flexible,edgs_earliest_commissioning_year;shifted_after_base_year,True,Applied for consent,Te Rere Hau (Expansion),te_rere_hau_expansion,Wind,Wind,PELE,LTN,Manawatū-Whanganui,Reference,2024,,14,False,True,status_first,2026-09-02-central-costs-scenarios-availability
wind_manawatu_whanganui_te_rere_hau_repower,wind,manawatu_whanganui,wind,wind_manawatu_whanganui_te_rere_hau_repower,124.500000,0.000000,1.000000,2026,2026,,flexible,edgs_earliest_commissioning_year;shifted_after_base_year,True,Fully consented,Te Rere Hau (Repower),te_rere_hau_repower,Wind,Wind,PELE,LTN,Manawatū-Whanganui,Reference,2024,,14,False,True,status_first,2026-09-02-central-costs-scenarios-availability
wind_manawatu_whanganui_te_apiti,wind,manawatu_whanganui,wind,wind_manawatu_whanganui_te_apiti,90.750000,0.000000,1.000000,,,,existing,edgs_status_current,True,Current,Te Āpiti,te_apiti,Wind,Wind,PELE,WDV,Manawatū-Whanganui,Reference,,,14,False,True,status_first,2026-09-02-central-costs-scenarios-availability
wind_manawatu_whanganui_turitea_north,wind,manawatu_whanganui,wind,wind_manawatu_whanganui_turitea_north,118.800000,0.000000,1.000000,,,,existing,edgs_status_current,True,Current,Turitea North,turitea_north,Wind,Wind,PELE,LTN,Manawatū-Whanganui,Reference,,,14,False,True,status_first,2026-09-02-central-costs-scenarios-availability
wind_manawatu_whanganui_turitea_south,wind,manawatu_whanganui,wind,wind_manawatu_whanganui_turitea_south,102.600000,0.000000,1.000000,,,,existing,edgs_status_current,True,Current,Turitea South,turitea_south,Wind,Wind,PELE,LTN,Manawatū-Whanganui,Reference,,,14,False,True,status_first,2026-09-02-central-costs-scenarios-availability
hydro_run_of_river_marlborough_wairau_hydro_expansion,hydro_run_of_river,marlborough,hydro_run_of_river,hydro_run_of_river_marlborough_wairau_hydro_expansion,72.000000,0.000000,1.000000,2040,2040,,flexible,assumed_from_status_potential,True,Potential,Wairau Hydro Expansion,wairau_hydro_expansion,HydRR,"Hydro, run of river",PELE,BLN,Marlborough,Reference,,,14,True,False,status_first,2026-09-02-central-costs-scenarios-availability
solar_marlborough_argyle_solar_farm_northern_area,solar,marlborough,solar,solar_marlborough_argyle_solar_farm_northern_area,37.000000,0.000000,1.000000,2030,2030,,flexible,assumed_from_status_applied_for_consent,True,Applied for consent,Argyle Solar Farm - Northern Area,argyle_solar_farm_northern_area,Solar,Solar,PELE,ARG,Marlborough,Reference,,,14,False,True,status_first,2026-09-02-central-costs-scenarios-availability
solar_marlborough_argyle_solar_farm,solar,marlborough,solar,solar_marlborough_argyle_solar_farm,28.000000,0.000000,1.000000,2026,2026,,flexible,edgs_earliest_commissioning_year,True,Fully consented,Argyle solar farm,argyle_solar_farm,Solar,Solar,PELE,ARG,Marlborough,Reference,2026,,14,False,True,status_first,2026-09-02-central-costs-scenarios-availability
wind_marlborough_generic_wind_no_21,wind,marlborough,wind,wind_marlborough_generic_wind_no_21,50.000000,0.000000,1.000000,2035,2035,,flexible,assumed_from_status_generic,True,Generic,Generic Wind No. 21,generic_wind_no_21,Wind,Wind,PELE,BLN,Marlborough,Reference,,,14,False,True,status_first,2026-09-02-central-costs-scenarios-availability
wind_marlborough_generic_wind_no_51,wind,marlborough,wind,wind_marlborough_generic_wind_no_51,75.000000,0.000000,1.000000,2035,2035,,flexible,assumed_from_status_generic,True,Generic,Generic Wind No. 51,generic_wind_no_51,Wind,Wind,PELE,BLN,Marlborough,Reference,,,14,False,True,status_first,2026-09-02-central-costs-scenarios-availability
hydro_storage_nelson_cobb,hydro_storage,nelson,hydro_storage,hydro_storage_nelson_cobb,32.000000,0.000000,1.000000,,,,existing,edgs_status_current,True,Current,Cobb,cobb,HydSC,"Hydro, schedulable",PELE,STK,Nelson,Reference,,,14,True,False,status_first,2026-09-02-central-costs-scenarios-availability
solar_nelson_tasman_district_solar_farm,solar,nelson,solar,solar_nelson_tasman_district_solar_farm,130.000000,0.000000,1.000000,2035,2035,,flexible,assumed_from_status_announced,True,Announced,Tasman District solar farm,tasman_district_solar_farm,Solar,Solar,PELE,STK,Nelson,Reference,,,14,False,True,status_first,2026-09-02-central-costs-scenarios-availability
diesel_peaker_northland_bream_bay_peaker,diesel_peaker,northland,diesel_peaker,diesel_peaker_northland_bream_bay_peaker,9.000000,0.000000,1.000000,,,,existing,edgs_status_current,True,Current,Bream Bay Peaker,bream_bay_peaker,DslPkr,"Peaker, diesel-fired OCGT",PELE,BRB,Northland,Reference,,,14,False,False,status_first,2026-09-02-central-costs-scenarios-availability
gas_peaker_northland_generic_ocgt_peaker_5_marsden,gas_peaker,northland,gas_peaker,gas_peaker_northland_generic_ocgt_peaker_5_marsden,100.000000,0.000000,1.000000,2030,2030,,flexible,edgs_earliest_commissioning_year,True,Generic,Generic OCGT peaker: 5 (Marsden),generic_ocgt_peaker_5_marsden,GasPkr,"Peaker, gas-fired OCGT",PELE,MDN,Northland,Reference,2030,,14,False,False,status_first,2026-09-02-central-costs-scenarios-availability
geothermal_northland_ngawha_expansion_stage_5,geothermal,northland,geothermal,geothermal_northland_ngawha_expansion_stage_5,25.000000,0.000000,0.850000,2035,2035,,flexible,assumed_from_status_generic,True,Generic,Ngāwhā Expansion: Stage 5,ngawha_expansion_stage_5,Geo,Geothermal,PELE,KOE,Northland,Reference,,,14,False,False,status_first,2026-09-02-central-costs-scenarios-availability
geothermal_northland_ngawha_expansion_stage_6,geothermal,northland,geothermal,geothermal_northland_ngawha_expansion_stage_6,25.000000,0.000000,0.850000,2035,2035,,flexible,assumed_from_status_generic,True,Generic,Ngāwhā Expansion: Stage 6,ngawha_expansion_stage_6,Geo,Geothermal,PELE,KOE,Northland,Reference,,,14,False,False,status_first,2026-09-02-central-costs-scenarios-availability
geothermal_northland_ngawha_stage_1_and_2,geothermal,northland,geothermal,geothermal_northland_ngawha_stage_1_and_2,28.000000,0.000000,0.850000,,,,existing,edgs_status_current,True,Current,Ngāwhā Stage 1 & 2,ngawha_stage_1_and_2,Geo,Geothermal,PELE,KOE,Northland,Reference,,,14,False,False,status_first,2026-09-02-central-costs-scenarios-availability
geothermal_northland_ngawha_stage_3_oec4,geothermal,northland,geothermal,geothermal_northland_ngawha_stage_3_oec4,32.000000,0.000000,0.850000,,,,existing,edgs_status_current,True,Current,Ngāwhā Stage 3 (OEC4),ngawha_stage_3_oec4,Geo,Geothermal,PELE,KOE,Northland,Reference,,,14,False,False,status_first,2026-09-02-central-costs-scenarios-availability
geothermal_northland_ngawha_stage_4_oec5,geothermal,northland,geothermal,geothermal_northland_ngawha_stage_4_oec5,32.000000,0.000000,0.850000,2026,2026,,flexible,edgs_earliest_commissioning_year,True,Fully consented,Ngāwhā Stage 4 (OEC5),ngawha_stage_4_oec5,Geo,Geothermal,PELE,KOE,Northland,Reference,2026,,14,False,False,status_first,2026-09-02-central-costs-scenarios-availability
solar_northland_glorit_solar_farm,solar,northland,solar,solar_northland_glorit_solar_farm,160.000000,0.000000,1.000000,2040,2040,,flexible,assumed_from_status_early_stages,True,Early stages,Glorit solar farm,glorit_solar_farm,Solar,Solar,PELE,WEL,Northland,Reference,,,14,False,True,status_first,2026-09-02-central-costs-scenarios-availability
solar_northland_lodestone_dargaville,solar,northland,solar,solar_northland_lodestone_dargaville,69.000000,0.000000,1.000000,2026,2026,,flexible,edgs_earliest_commissioning_year;shifted_after_base_year,True,Fully consented,Lodestone Dargaville,lodestone_dargaville,Solar,Solar,PELE,MPE,Northland,Reference,2025,,14,False,True,status_first,2026-09-02-central-costs-scenarios-availability
solar_northland_lodestone_kohira_solar_farm,solar,northland,solar,solar_northland_lodestone_kohira_solar_farm,32.000000,0.000000,1.000000,,,,existing,edgs_status_current,True,Current,Lodestone Kohira solar farm,lodestone_kohira_solar_farm,Solar,Solar,PELE,KTA,Northland,Reference,,,14,False,True,status_first,2026-09-02-central-costs-scenarios-availability
solar_northland_maranga_ra_solar_farm,solar,northland,solar,solar_northland_maranga_ra_solar_farm,26.700000,0.000000,1.000000,2030,2030,,flexible,assumed_from_status_fully_consented,True,Fully consented,Maranga Rā solar farm,maranga_ra_solar_farm,Solar,Solar,PELE,MDN,Northland,Reference,,,14,False,True,status_first,2026-09-02-central-costs-scenarios-availability
solar_northland_maungaturoto_solar_farm,solar,northland,solar,solar_northland_maungaturoto_solar_farm,20.000000,0.000000,1.000000,2035,2035,,flexible,assumed_from_status_announced,True,Announced,Maungaturoto solar farm,maungaturoto_solar_farm,Solar,Solar,PELE,MTO,Northland,Reference,,,14,False,True,status_first,2026-09-02-central-costs-scenarios-availability
solar_northland_pukenui_solar_farm,solar,northland,solar,solar_northland_pukenui_solar_farm,22.000000,0.000000,1.000000,2026,,2026,fixed,assumed_from_status_under_construction,True,Under construction,Pukenui solar farm,pukenui_solar_farm,Solar,Solar,PELE,KTA,Northland,Reference,,,14,False,True,status_first,2026-09-02-central-costs-scenarios-availability
solar_northland_ruakaka_solar_farm,solar,northland,solar,solar_northland_ruakaka_solar_farm,120.000000,0.000000,1.000000,2026,2026,,flexible,edgs_earliest_commissioning_year;shifted_after_base_year,True,Applied for consent,Ruakākā solar farm,ruakaka_solar_farm,Solar,Solar,PELE,BRB,Northland,Reference,2024,,14,False,True,status_first,2026-09-02-central-costs-scenarios-availability
solar_northland_twin_rivers_solar_farm,solar,northland,solar,solar_northland_twin_rivers_solar_farm,24.000000,0.000000,1.000000,2026,2026,,flexible,edgs_fixed_commissioning_year_treated_as_candidate_availability;shifted_after_base_year,True,Fully consented,Twin Rivers solar farm,twin_rivers_solar_farm,Solar,Solar,PELE,KTA,Northland,Reference,,2024,14,False,True,status_first,2026-09-02-central-costs-scenarios-availability
solar_northland_wellsford_solar_farm,solar,northland,solar,solar_northland_wellsford_solar_farm,76.000000,0.000000,1.000000,2030,2030,,flexible,assumed_from_status_fully_consented,True,Fully consented,Wellsford solar farm,wellsford_solar_farm,Solar,Solar,PELE,WEL,Northland,Reference,,,14,False,True,status_first,2026-09-02-central-costs-scenarios-availability
wind_northland_generic_wind_no_18,wind,northland,wind,wind_northland_generic_wind_no_18,300.000000,0.000000,1.000000,2035,2035,,flexible,assumed_from_status_generic,True,Generic,Generic Wind No. 18,generic_wind_no_18,Wind,Wind,PELE,MDN,Northland,Reference,,,14,False,True,status_first,2026-09-02-central-costs-scenarios-availability
wind_northland_generic_wind_no_37,wind,northland,wind,wind_northland_generic_wind_no_37,75.000000,0.000000,1.000000,2035,2035,,flexible,assumed_from_status_generic,True,Generic,Generic Wind No. 37,generic_wind_no_37,Wind,Wind,PELE,KOE,Northland,Reference,,,14,False,True,status_first,2026-09-02-central-costs-scenarios-availability
wind_northland_generic_wind_no_75,wind,northland,wind,wind_northland_generic_wind_no_75,100.000000,0.000000,1.000000,2035,2035,,flexible,assumed_from_status_generic,True,Generic,Generic Wind No. 75,generic_wind_no_75,Wind,Wind,PELE,MDN,Northland,Reference,,,14,False,True,status_first,2026-09-02-central-costs-scenarios-availability
wind_northland_kaiwaikawe,wind,northland,wind,wind_northland_kaiwaikawe,73.000000,0.000000,1.000000,2026,2026,,flexible,edgs_earliest_commissioning_year;shifted_after_base_year,True,Fully consented,Kaiwaikawe,kaiwaikawe,Wind,Wind,PELE,MPE,Northland,Reference,2024,,14,False,True,status_first,2026-09-02-central-costs-scenarios-availability
bio_reciprocating_otago_generic_reciprocating_biogas_1_halfway_bush,bio_reciprocating,otago,bio_reciprocating,bio_reciprocating_otago_generic_reciprocating_biogas_1_halfway_bush,10.000000,0.000000,1.000000,2030,2030,,flexible,edgs_earliest_commissioning_year,True,Generic,Generic Reciprocating Biogas: 1 (Halfway Bush),generic_reciprocating_biogas_1_halfway_bush,BioRecip,Reciprocating Biogas engine,PELE,HWB,Otago,Reference,2030,,14,False,False,status_first,2026-09-02-central-costs-scenarios-availability
hydro_peaking_otago_hawea_gates_hydro_plant,hydro_peaking,otago,hydro_peaking,hydro_peaking_otago_hawea_gates_hydro_plant,17.000000,0.000000,1.000000,2040,2040,,flexible,assumed_from_status_consent_lapsed,True,Consent lapsed,Hāwea Gates hydro plant,hawea_gates_hydro_plant,HydPK,"Hydro, peaking",PELE,CML,Otago,Reference,,,14,True,False,status_first,2026-09-02-central-costs-scenarios-availability
hydro_run_of_river_otago_clutha_river_beaumont_expansion,hydro_run_of_river,otago,hydro_run_of_river,hydro_run_of_river_otago_clutha_river_beaumont_expansion,185.000000,0.000000,1.000000,2040,2040,,flexible,assumed_from_status_potential,True,Potential,Clutha River - Beaumont Expansion,clutha_river_beaumont_expansion,HydRR,"Hydro, run of river",PELE,ROX,Otago,Reference,,,14,True,False,status_first,2026-09-02-central-costs-scenarios-availability
hydro_run_of_river_otago_clutha_river_luggate_expansion,hydro_run_of_river,otago,hydro_run_of_river,hydro_run_of_river_otago_clutha_river_luggate_expansion,80.000000,0.000000,1.000000,2040,2040,,flexible,assumed_from_status_potential,True,Potential,Clutha River - Luggate expansion,clutha_river_luggate_expansion,HydRR,"Hydro, run of river",PELE,ROX,Otago,Reference,,,14,True,False,status_first,2026-09-02-central-costs-scenarios-availability
hydro_run_of_river_otago_clutha_river_queensberry_expansion,hydro_run_of_river,otago,hydro_run_of_river,hydro_run_of_river_otago_clutha_river_queensberry_expansion,110.000000,0.000000,1.000000,2040,2040,,flexible,assumed_from_status_potential,True,Potential,Clutha River - Queensberry expansion,clutha_river_queensberry_expansion,HydRR,"Hydro, run of river",PELE,ROX,Otago,Reference,,,14,True,False,status_first,2026-09-02-central-costs-scenarios-availability
hydro_run_of_river_otago_clutha_river_tuapeka_expansion,hydro_run_of_river,otago,hydro_run_of_river,hydro_run_of_river_otago_clutha_river_tuapeka_expansion,350.000000,0.000000,1.000000,2040,2040,,flexible,assumed_from_status_potential,True,Potential,Clutha River - Tuapeka expansion,clutha_river_tuapeka_expansion,HydRR,"Hydro, run of river",PELE,ROX,Otago,Reference,,,14,True,False,status_first,2026-09-02-central-costs-scenarios-availability
hydro_storage_otago_clyde_and_roxburgh_hydro_scheme,hydro_storage,otago,hydro_storage,hydro_storage_otago_clyde_and_roxburgh_hydro_scheme,752.000000,0.000000,1.000000,,,,existing,edgs_status_current,True,Current,Clyde and Roxburgh hydro scheme,clyde_and_roxburgh_hydro_scheme,HydSC,"Hydro, schedulable",PELE,ROX,Otago,Reference,,,14,True,False,status_first,2026-09-02-central-costs-scenarios-availability
hydro_storage_otago_waipori_power_scheme,hydro_storage,otago,hydro_storage,hydro_storage_otago_waipori_power_scheme,87.000000,0.000000,1.000000,,,,existing,edgs_status_current,True,Current,Waipori power scheme,waipori_power_scheme,HydSC,"Hydro, schedulable",PELE,BWK,Otago,Reference,,,14,True,False,status_first,2026-09-02-central-costs-scenarios-availability
solar_otago_generic_solar_101_200mw_35,solar,otago,solar,solar_otago_generic_solar_101_200mw_35,120.000000,0.000000,1.000000,2026,2026,,flexible,edgs_earliest_commissioning_year;shifted_after_base_year,True,Generic,Generic solar (101-200MW): 35,generic_solar_101_200mw_35,Solar,Solar,PELE,OAM,Otago,Reference,2025,,14,False,True,status_first,2026-09-02-central-costs-scenarios-availability
solar_otago_generic_solar_200mw+_33,solar,otago,solar,solar_otago_generic_solar_200mw+_33,200.000000,0.000000,1.000000,2026,2026,,flexible,edgs_earliest_commissioning_year;shifted_after_base_year,True,Generic,Generic solar (200MW+): 33,generic_solar_200mw+_33,Solar,Solar,PELE,HWB,Otago,Reference,2025,,14,False,True,status_first,2026-09-02-central-costs-scenarios-availability
solar_otago_generic_solar_200mw+_56,solar,otago,solar,solar_otago_generic_solar_200mw+_56,200.000000,0.000000,1.000000,2030,2030,,flexible,edgs_earliest_commissioning_year,True,Generic,Generic solar (200MW+): 56,generic_solar_200mw+_56,Solar,Solar,PELE,SDN,Otago,Reference,2030,,14,False,True,status_first,2026-09-02-central-costs-scenarios-availability
solar_otago_maniototo_solar_farm,solar,otago,solar,solar_otago_maniototo_solar_farm,300.000000,0.000000,1.000000,2035,2035,,flexible,assumed_from_status_announced,True,Announced,Maniototo solar farm,maniototo_solar_farm,Solar,Solar,PELE,NSY,Otago,Reference,,,14,False,True,status_first,2026-09-02-central-costs-scenarios-availability
solar_otago_naseby_solar_farm,solar,otago,solar,solar_otago_naseby_solar_farm,59.000000,0.000000,1.000000,2030,2030,,flexible,assumed_from_status_fully_consented,True,Fully consented,Naseby solar farm,naseby_solar_farm,Solar,Solar,PELE,NSY,Otago,Reference,,,14,False,True,status_first,2026-09-02-central-costs-scenarios-availability
wind_otago_generic_wind_no_47,wind,otago,wind,wind_otago_generic_wind_no_47,300.000000,0.000000,1.000000,2035,2035,,flexible,assumed_from_status_generic,True,Generic,Generic Wind No. 47,generic_wind_no_47,Wind,Wind,PELE,ROX,Otago,Reference,,,14,False,True,status_first,2026-09-02-central-costs-scenarios-availability
wind_otago_kaihiku_wind_farm,wind,otago,wind,wind_otago_kaihiku_wind_farm,300.000000,0.000000,1.000000,2028,2028,,flexible,edgs_earliest_commissioning_year,True,Early stages,Kaihiku wind farm,kaihiku_wind_farm,Wind,Wind,PELE,KHK,Otago,Reference,2028,,14,False,True,status_first,2026-09-02-central-costs-scenarios-availability
wind_otago_mahinerangi_stage_2,wind,otago,wind,wind_otago_mahinerangi_stage_2,138.000000,0.000000,1.000000,2030,2030,,flexible,assumed_from_status_fully_consented,True,Fully consented,Mahinerangi (Stage 2),mahinerangi_stage_2,Wind,Wind,PELE,HWB,Otago,Reference,,,14,False,True,status_first,2026-09-02-central-costs-scenarios-availability
wind_otago_mahinerangi_1,wind,otago,wind,wind_otago_mahinerangi_1,36.000000,0.000000,1.000000,,,,existing,edgs_status_current,True,Current,Mahinerangi 1,mahinerangi_1,Wind,Wind,PELE,HWB,Otago,Reference,,,14,False,True,status_first,2026-09-02-central-costs-scenarios-availability
hydro_storage_southland_manapouri,hydro_storage,southland,hydro_storage,hydro_storage_southland_manapouri,800.000000,0.000000,1.000000,,,,existing,edgs_status_current,True,Current,Manapōuri,manapouri,HydSC,"Hydro, schedulable",PELE,MAN,Southland,Reference,,,14,True,False,status_first,2026-09-02-central-costs-scenarios-availability
solar_southland_generic_solar_200mw+_43,solar,southland,solar,solar_southland_generic_solar_200mw+_43,200.000000,0.000000,1.000000,2026,2026,,flexible,edgs_earliest_commissioning_year;shifted_after_base_year,True,Generic,Generic solar (200MW+): 43,generic_solar_200mw+_43,Solar,Solar,PELE,INV,Southland,Reference,2025,,14,False,True,status_first,2026-09-02-central-costs-scenarios-availability
solar_southland_generic_solar_<100_mw_62,solar,southland,solar,solar_southland_generic_solar_<100_mw_62,60.000000,0.000000,1.000000,2030,2030,,flexible,edgs_earliest_commissioning_year,True,Generic,Generic solar (<100 MW): 62,generic_solar_<100_mw_62,Solar,Solar,PELE,EDN,Southland,Reference,2030,,14,False,True,status_first,2026-09-02-central-costs-scenarios-availability
wind_southland_generic_wind_no_43,wind,southland,wind,wind_southland_generic_wind_no_43,150.000000,0.000000,1.000000,2035,2035,,flexible,assumed_from_status_generic,True,Generic,Generic Wind No. 43,generic_wind_no_43,Wind,Wind,PELE,TWI,Southland,Reference,,,14,False,True,status_first,2026-09-02-central-costs-scenarios-availability
wind_southland_generic_wind_no_49,wind,southland,wind,wind_southland_generic_wind_no_49,100.000000,0.000000,1.000000,2035,2035,,flexible,assumed_from_status_generic,True,Generic,Generic Wind No. 49,generic_wind_no_49,Wind,Wind,PELE,TWI,Southland,Reference,,,14,False,True,status_first,2026-09-02-central-costs-scenarios-availability
wind_southland_generic_wind_no_52,wind,southland,wind,wind_southland_generic_wind_no_52,50.000000,0.000000,1.000000,2035,2035,,flexible,assumed_from_status_generic,True,Generic,Generic Wind No. 52,generic_wind_no_52,Wind,Wind,PELE,TWI,Southland,Reference,,,14,False,True,status_first,2026-09-02-central-costs-scenarios-availability
wind_southland_jericho_wind_farm,wind,southland,wind,wind_southland_jericho_wind_farm,35.000000,0.000000,1.000000,2026,2026,,flexible,edgs_earliest_commissioning_year,True,Announced,Jericho Wind Farm,jericho_wind_farm,Wind,Wind,PELE,NMA,Southland,Reference,2026,,14,False,True,status_first,2026-09-02-central-costs-scenarios-availability
wind_southland_kaiwera_downs_wind_stage_1,wind,southland,wind,wind_southland_kaiwera_downs_wind_stage_1,43.000000,0.000000,1.000000,,,,existing,edgs_status_current,True,Current,Kaiwera Downs wind (Stage 1),kaiwera_downs_wind_stage_1,Wind,Wind,PELE,GOR,Southland,Reference,,,14,False,True,status_first,2026-09-02-central-costs-scenarios-availability
wind_southland_kaiwera_downs_wind_stage_2,wind,southland,wind,wind_southland_kaiwera_downs_wind_stage_2,155.000000,0.000000,1.000000,2030,2030,,flexible,assumed_from_status_fully_consented,True,Fully consented,Kaiwera Downs wind (Stage 2),kaiwera_downs_wind_stage_2,Wind,Wind,PELE,GOR,Southland,Reference,,,14,False,True,status_first,2026-09-02-central-costs-scenarios-availability
wind_southland_southland_wind_farm,wind,southland,wind,wind_southland_southland_wind_farm,300.000000,0.000000,1.000000,2030,2030,,flexible,assumed_from_status_applied_for_consent,True,Applied for consent,Southland Wind Farm,southland_wind_farm,Wind,Wind,PELE,GOR,Southland,Reference,,,14,False,True,status_first,2026-09-02-central-costs-scenarios-availability
wind_southland_white_hill,wind,southland,wind,wind_southland_white_hill,58.000000,0.000000,1.000000,,,,existing,edgs_status_current,True,Current,White Hill,white_hill,Wind,Wind,PELE,TWI,Southland,Reference,,,14,False,True,status_first,2026-09-02-central-costs-scenarios-availability
ccgt_taranaki_taranaki_combined_cycle_tcc,ccgt,taranaki,ccgt,ccgt_taranaki_taranaki_combined_cycle_tcc,380.000000,0.000000,1.000000,,,,existing,edgs_status_current,True,Current,Taranaki Combined Cycle (TCC),taranaki_combined_cycle_tcc,CCGT,Combined cycle gas turbine,PELE,SFD,Taranaki,Reference,,,14,False,False,status_first,2026-09-02-central-costs-scenarios-availability
gas_cogeneration_taranaki_kapuni_cogeneration_plant,gas_cogeneration,taranaki,gas_cogeneration,gas_cogeneration_taranaki_kapuni_cogeneration_plant,25.000000,0.000000,1.000000,,,,existing,edgs_status_current,True,Current,Kapuni cogeneration plant,kapuni_cogeneration_plant,GasCog,"Cogeneration, gas-fired",PCHP,KPA,Taranaki,Reference,,,14,False,False,status_first,2026-09-02-central-costs-scenarios-availability
gas_cogeneration_taranaki_whareroa_cogeneration_plant,gas_cogeneration,taranaki,gas_cogeneration,gas_cogeneration_taranaki_whareroa_cogeneration_plant,70.000000,0.000000,1.000000,,,,existing,edgs_status_current,True,Current,Whareroa cogeneration plant,whareroa_cogeneration_plant,GasCog,"Cogeneration, gas-fired",PCHP,HWA,Taranaki,Reference,,,14,False,False,status_first,2026-09-02-central-costs-scenarios-availability
gas_peaker_taranaki_generic_ocgt_peaker_2_stratford,gas_peaker,taranaki,gas_peaker,gas_peaker_taranaki_generic_ocgt_peaker_2_stratford,100.000000,0.000000,1.000000,2026,2026,,flexible,edgs_earliest_commissioning_year;shifted_after_base_year,True,Generic,Generic OCGT peaker: 2 (Stratford),generic_ocgt_peaker_2_stratford,GasPkr,"Peaker, gas-fired OCGT",PELE,SFD,Taranaki,Reference,2025,,14,False,False,status_first,2026-09-02-central-costs-scenarios-availability
gas_peaker_taranaki_junction_road_power_plant,gas_peaker,taranaki,gas_peaker,gas_peaker_taranaki_junction_road_power_plant,100.000000,0.000000,1.000000,,,,existing,edgs_status_current,True,Current,Junction Road power plant,junction_road_power_plant,GasPkr,"Peaker, gas-fired OCGT",PELE,NPL,Taranaki,Reference,,,14,False,False,status_first,2026-09-02-central-costs-scenarios-availability
gas_peaker_taranaki_mckee_power_plant,gas_peaker,taranaki,gas_peaker,gas_peaker_taranaki_mckee_power_plant,100.000000,0.000000,1.000000,,,,existing,edgs_status_current,True,Current,McKee power plant,mckee_power_plant,GasPkr,"Peaker, gas-fired OCGT",PELE,SFD,Taranaki,Reference,,,14,False,False,status_first,2026-09-02-central-costs-scenarios-availability
gas_peaker_taranaki_stratford_peaker,gas_peaker,taranaki,gas_peaker,gas_peaker_taranaki_stratford_peaker,210.000000,0.000000,1.000000,,,,existing,edgs_status_current,True,Current,Stratford Peaker,stratford_peaker,GasPkr,"Peaker, gas-fired OCGT",PELE,SFD,Taranaki,Reference,,,14,False,False,status_first,2026-09-02-central-costs-scenarios-availability
hydro_storage_taranaki_patea,hydro_storage,taranaki,hydro_storage,hydro_storage_taranaki_patea,33.000000,0.000000,1.000000,,,,existing,edgs_status_current,True,Current,Patea,patea,HydSC,"Hydro, schedulable",PELE,NPL,Taranaki,Reference,,,14,True,False,status_first,2026-09-02-central-costs-scenarios-availability
ocgt_taranaki_mangahewa_power_station,ocgt,taranaki,ocgt,ocgt_taranaki_mangahewa_power_station,9.600000,0.000000,1.000000,,,,existing,edgs_status_current,True,Current,Mangahewa Power Station,mangahewa_power_station,OCGT,Open cycle gas turbine,PELE,SFD,Taranaki,Reference,,,14,False,False,status_first,2026-09-02-central-costs-scenarios-availability
solar_taranaki_generic_solar_101_200mw_85,solar,taranaki,solar,solar_taranaki_generic_solar_101_200mw_85,140.000000,0.000000,1.000000,2040,2040,,flexible,edgs_earliest_commissioning_year,True,Generic,Generic solar (101-200MW): 85,generic_solar_101_200mw_85,Solar,Solar,PELE,CST,Taranaki,Reference,2040,,14,False,True,status_first,2026-09-02-central-costs-scenarios-availability
solar_taranaki_skinner_road_solar_farm,solar,taranaki,solar,solar_taranaki_skinner_road_solar_farm,32.000000,0.000000,1.000000,2035,2035,,flexible,assumed_from_status_announced,True,Announced,Skinner Road solar farm,skinner_road_solar_farm,Solar,Solar,PELE,SFD,Taranaki,Reference,,,14,False,True,status_first,2026-09-02-central-costs-scenarios-availability
solar_taranaki_taranaki_solar_farm_meridian,solar,taranaki,solar,solar_taranaki_taranaki_solar_farm_meridian,150.000000,0.000000,1.000000,2035,2035,,flexible,assumed_from_status_announced,True,Announced,Taranaki solar farm (Meridian),taranaki_solar_farm_meridian,Solar,Solar,PELE,HUI,Taranaki,Reference,,,14,False,True,status_first,2026-09-02-central-costs-scenarios-availability
solar_taranaki_three_streams_solar_farm,solar,taranaki,solar,solar_taranaki_three_streams_solar_farm,32.000000,0.000000,1.000000,2030,2030,,flexible,assumed_from_status_applied_for_consent,True,Applied for consent,Three Streams solar farm,three_streams_solar_farm,Solar,Solar,PELE,SFD,Taranaki,Reference,,,14,False,True,status_first,2026-09-02-central-costs-scenarios-availability
solar_taranaki_waitara_solar_farm,solar,taranaki,solar,solar_taranaki_waitara_solar_farm,72.000000,0.000000,1.000000,2030,2030,,flexible,assumed_from_status_applied_for_consent,True,Applied for consent,Waitara solar farm,waitara_solar_farm,Solar,Solar,PELE,MNI,Taranaki,Reference,,,14,False,True,status_first,2026-09-02-central-costs-scenarios-availability
solar_taranaki_opunake_solar_farm_energy_farms_ltd,solar,taranaki,solar,solar_taranaki_opunake_solar_farm_energy_farms_ltd,80.000000,0.000000,1.000000,2030,2030,,flexible,assumed_from_status_applied_for_consent,True,Applied for consent,Ōpunake solar farm (Energy Farms Ltd),opunake_solar_farm_energy_farms_ltd,Solar,Solar,PELE,OPK,Taranaki,Reference,,,14,False,True,status_first,2026-09-02-central-costs-scenarios-availability
solar_taranaki_opunake_solar_farm_harmony_energy,solar,taranaki,solar,solar_taranaki_opunake_solar_farm_harmony_energy,75.000000,0.000000,1.000000,2030,2030,,flexible,assumed_from_status_applied_for_consent,True,Applied for consent,Ōpunake solar farm (Harmony Energy),opunake_solar_farm_harmony_energy,Solar,Solar,PELE,OPK,Taranaki,Reference,,,14,False,True,status_first,2026-09-02-central-costs-scenarios-availability
wind_taranaki_generic_wind_no_72,wind,taranaki,wind,wind_taranaki_generic_wind_no_72,100.000000,0.000000,1.000000,2035,2035,,flexible,assumed_from_status_generic,True,Generic,Generic Wind No. 72,generic_wind_no_72,Wind,Wind,PELE,WVY,Taranaki,Reference,,,14,False,True,status_first,2026-09-02-central-costs-scenarios-availability
wind_taranaki_generic_wind_no_74,wind,taranaki,wind,wind_taranaki_generic_wind_no_74,200.000000,0.000000,1.000000,2035,2035,,flexible,assumed_from_status_generic,True,Generic,Generic Wind No. 74,generic_wind_no_74,Wind,Wind,PELE,WVY,Taranaki,Reference,,,14,False,True,status_first,2026-09-02-central-costs-scenarios-availability
wind_taranaki_taranaki_wind_meridian,wind,taranaki,wind,wind_taranaki_taranaki_wind_meridian,300.000000,0.000000,1.000000,2035,2035,,flexible,assumed_from_status_announced,True,Announced,Taranaki Wind (Meridian),taranaki_wind_meridian,Wind,Wind,PELE,OPK,Taranaki,Reference,,,14,False,True,status_first,2026-09-02-central-costs-scenarios-availability
wind_taranaki_waipipi,wind,taranaki,wind,wind_taranaki_waipipi,133.000000,0.000000,1.000000,,,,existing,edgs_status_current,True,Current,Waipipi,waipipi,Wind,Wind,PELE,WVY,Taranaki,Reference,,,14,False,True,status_first,2026-09-02-central-costs-scenarios-availability
ccgt_waikato_huntly_unit_5_e3p,ccgt,waikato,ccgt,ccgt_waikato_huntly_unit_5_e3p,403.000000,0.000000,1.000000,,,,existing,edgs_status_current,True,Current,Huntly Unit 5 (e3p),huntly_unit_5_e3p,CCGT,Combined cycle gas turbine,PELE,HLY,Waikato,Reference,,,14,False,False,status_first,2026-09-02-central-costs-scenarios-availability
coal_waikato_huntly_unit_1_coal,coal,waikato,coal,coal_waikato_huntly_unit_1_coal,200.000000,0.000000,1.000000,,,,existing,edgs_status_current,True,Current,Huntly Unit 1 (Coal),huntly_unit_1_coal,Coal,Coal,PELE,HLY,Waikato,Reference,,,14,False,False,status_first,2026-09-02-central-costs-scenarios-availability
coal_waikato_huntly_unit_2_coal,coal,waikato,coal,coal_waikato_huntly_unit_2_coal,200.000000,0.000000,1.000000,,,,existing,edgs_status_current,True,Current,Huntly Unit 2 (Coal),huntly_unit_2_coal,Coal,Coal,PELE,HLY,Waikato,Reference,,,14,False,False,status_first,2026-09-02-central-costs-scenarios-availability
gas_peaker_waikato_generic_ocgt_peaker_1_huntly,gas_peaker,waikato,gas_peaker,gas_peaker_waikato_generic_ocgt_peaker_1_huntly,100.000000,0.000000,1.000000,2026,2026,,flexible,edgs_earliest_commissioning_year;shifted_after_base_year,True,Generic,Generic OCGT peaker: 1 (Huntly),generic_ocgt_peaker_1_huntly,GasPkr,"Peaker, gas-fired OCGT",PELE,HLY,Waikato,Reference,2025,,14,False,False,status_first,2026-09-02-central-costs-scenarios-availability
gas_peaker_waikato_generic_ocgt_peaker_6_huntly,gas_peaker,waikato,gas_peaker,gas_peaker_waikato_generic_ocgt_peaker_6_huntly,100.000000,0.000000,1.000000,2030,2030,,flexible,edgs_earliest_commissioning_year,True,Generic,Generic OCGT peaker: 6 (Huntly),generic_ocgt_peaker_6_huntly,GasPkr,"Peaker, gas-fired OCGT",PELE,HLY,Waikato,Reference,2030,,14,False,False,status_first,2026-09-02-central-costs-scenarios-availability
gas_peaker_waikato_generic_ocgt_peaker_8_huntly,gas_peaker,waikato,gas_peaker,gas_peaker_waikato_generic_ocgt_peaker_8_huntly,100.000000,0.000000,1.000000,2045,2045,,flexible,edgs_earliest_commissioning_year,True,Generic,Generic OCGT peaker: 8 (Huntly),generic_ocgt_peaker_8_huntly,GasPkr,"Peaker, gas-fired OCGT",PELE,HLY,Waikato,Reference,2045,,14,False,False,status_first,2026-09-02-central-costs-scenarios-availability
geothermal_waikato_mokai,geothermal,waikato,geothermal,geothermal_waikato_mokai,113.000000,0.000000,0.850000,,,,existing,edgs_status_current,True,Current,Mōkai,mokai,Geo,Geothermal,PELE,WKM,Waikato,Reference,,,14,False,False,status_first,2026-09-02-central-costs-scenarios-availability
geothermal_waikato_nga_awa_purua,geothermal,waikato,geothermal,geothermal_waikato_nga_awa_purua,140.000000,0.000000,0.850000,,,,existing,edgs_status_current,True,Current,Ngā Awa Pūrua,nga_awa_purua,Geo,Geothermal,PELE,WRK,Waikato,Reference,,,14,False,False,status_first,2026-09-02-central-costs-scenarios-availability
geothermal_waikato_ngatamariki,geothermal,waikato,geothermal,geothermal_waikato_ngatamariki,85.000000,0.000000,0.850000,,,,existing,edgs_status_current,True,Current,Ngātamariki,ngatamariki,Geo,Geothermal,PELE,OKI,Waikato,Reference,,,14,False,False,status_first,2026-09-02-central-costs-scenarios-availability
geothermal_waikato_ngatamariki_expansion,geothermal,waikato,geothermal,geothermal_waikato_ngatamariki_expansion,46.000000,0.000000,0.850000,2030,2030,,flexible,assumed_from_status_fully_consented,True,Fully consented,Ngātamariki expansion,ngatamariki_expansion,Geo,Geothermal,PELE,WRK,Waikato,Reference,,,14,False,False,status_first,2026-09-02-central-costs-scenarios-availability
geothermal_waikato_poihipi_road,geothermal,waikato,geothermal,geothermal_waikato_poihipi_road,50.000000,0.000000,0.850000,,,,existing,edgs_status_current,True,Current,Poihipi Road,poihipi_road,Geo,Geothermal,PELE,PPI,Waikato,Reference,,,14,False,False,status_first,2026-09-02-central-costs-scenarios-availability
geothermal_waikato_reporoa_stage_2,geothermal,waikato,geothermal,geothermal_waikato_reporoa_stage_2,25.000000,0.000000,0.850000,2040,2040,,flexible,edgs_earliest_commissioning_year,True,Generic,Reporoa: Stage 2,reporoa_stage_2,Geo,Geothermal,PELE,WRK,Waikato,Reference,2040,,14,False,False,status_first,2026-09-02-central-costs-scenarios-availability
geothermal_waikato_rotokawa,geothermal,waikato,geothermal,geothermal_waikato_rotokawa,34.000000,0.000000,0.850000,,,,existing,edgs_status_current,True,Current,Rotokawa,rotokawa,Geo,Geothermal,PELE,WRK,Waikato,Reference,,,14,False,False,status_first,2026-09-02-central-costs-scenarios-availability
geothermal_waikato_tauhara_stage_1,geothermal,waikato,geothermal,geothermal_waikato_tauhara_stage_1,152.000000,0.000000,0.850000,2026,,2026,fixed,edgs_year_shifted_after_base_year,True,Under construction,Tauhara Stage 1,tauhara_stage_1,Geo,Geothermal,PELE,WRK,Waikato,Reference,,2024,14,False,False,status_first,2026-09-02-central-costs-scenarios-availability
geothermal_waikato_tauhara_stage_1_expansion,geothermal,waikato,geothermal,geothermal_waikato_tauhara_stage_1_expansion,22.000000,0.000000,0.850000,2026,2026,,flexible,edgs_earliest_commissioning_year,True,Fully consented,Tauhara Stage 1 expansion,tauhara_stage_1_expansion,Geo,Geothermal,PELE,WRK,Waikato,Reference,2026,,14,False,False,status_first,2026-09-02-central-costs-scenarios-availability
geothermal_waikato_te_huka_binary,geothermal,waikato,geothermal,geothermal_waikato_te_huka_binary,28.000000,0.000000,0.850000,,,,existing,edgs_status_current,True,Current,Te Huka (Binary),te_huka_binary,Geo,Geothermal,PELE,WRK,Waikato,Reference,,,14,False,False,status_first,2026-09-02-central-costs-scenarios-availability
geothermal_waikato_te_huka_unit_3,geothermal,waikato,geothermal,geothermal_waikato_te_huka_unit_3,51.400000,0.000000,0.850000,2026,,2026,fixed,edgs_year_shifted_after_base_year,True,Under construction,Te Huka Unit 3,te_huka_unit_3,Geo,Geothermal,PELE,WRK,Waikato,Reference,,2024,14,False,False,status_first,2026-09-02-central-costs-scenarios-availability
geothermal_waikato_te_mihi,geothermal,waikato,geothermal,geothermal_waikato_te_mihi,166.000000,0.000000,0.850000,,,,existing,edgs_status_current,True,Current,Te Mihi,te_mihi,Geo,Geothermal,PELE,WRK,Waikato,Reference,,,14,False,False,status_first,2026-09-02-central-costs-scenarios-availability
geothermal_waikato_te_mihi_expansion,geothermal,waikato,geothermal,geothermal_waikato_te_mihi_expansion,180.000000,0.000000,0.850000,2030,2030,,flexible,assumed_from_status_fully_consented,True,Fully consented,Te Mihi (expansion),te_mihi_expansion,Geo,Geothermal,PELE,WRK,Waikato,Reference,,,14,False,False,status_first,2026-09-02-central-costs-scenarios-availability
geothermal_waikato_tokaanu_geothermal_stage_2,geothermal,waikato,geothermal,geothermal_waikato_tokaanu_geothermal_stage_2,100.000000,0.000000,0.850000,2040,2040,,flexible,edgs_earliest_commissioning_year,True,Generic,Tokaanu Geothermal (Stage 2),tokaanu_geothermal_stage_2,Geo,Geothermal,PELE,TKU,Waikato,Reference,2040,,14,False,False,status_first,2026-09-02-central-costs-scenarios-availability
geothermal_waikato_wairakei_a_and_b,geothermal,waikato,geothermal,geothermal_waikato_wairakei_a_and_b,117.000000,0.000000,0.850000,,,,existing,edgs_status_current,True,Current,Wairākei A & B,wairakei_a_and_b,Geo,Geothermal,PELE,WRK,Waikato,Reference,,,14,False,False,status_first,2026-09-02-central-costs-scenarios-availability
geothermal_waikato_wairakei_binary,geothermal,waikato,geothermal,geothermal_waikato_wairakei_binary,14.400000,0.000000,0.850000,,,,existing,edgs_status_current,True,Current,Wairākei Binary,wairakei_binary,Geo,Geothermal,PELE,WRK,Waikato,Reference,,,14,False,False,status_first,2026-09-02-central-costs-scenarios-availability
geothermal_waikato_wairakei_c_and_d,geothermal,waikato,geothermal,geothermal_waikato_wairakei_c_and_d,40.000000,0.000000,0.850000,2030,2030,,flexible,assumed_from_status_fully_consented,True,Fully consented,Wairākei C & D,wairakei_c_and_d,Geo,Geothermal,PELE,WRK,Waikato,Reference,,,14,False,False,status_first,2026-09-02-central-costs-scenarios-availability
geothermal_waikato_atiamuri_geothermal,geothermal,waikato,geothermal,geothermal_waikato_atiamuri_geothermal,5.000000,0.000000,0.850000,2040,2040,,flexible,edgs_earliest_commissioning_year,True,Generic,Ātiamuri Geothermal,atiamuri_geothermal,Geo,Geothermal,PELE,WKM,Waikato,Reference,2040,,14,False,False,status_first,2026-09-02-central-costs-scenarios-availability
geothermal_waikato_ohaaki,geothermal,waikato,geothermal,geothermal_waikato_ohaaki,50.000000,0.000000,0.850000,,,,existing,edgs_status_current,True,Current,Ōhaaki,ohaaki,Geo,Geothermal,PELE,OKI,Waikato,Reference,,,14,False,False,status_first,2026-09-02-central-costs-scenarios-availability
hydro_storage_waikato_bunnythorpe_hydro_scheme,hydro_storage,waikato,hydro_storage,hydro_storage_waikato_bunnythorpe_hydro_scheme,360.000000,0.000000,1.000000,,,,existing,edgs_status_current,True,Current,Bunnythorpe hydro scheme,bunnythorpe_hydro_scheme,HydSC,"Hydro, schedulable",PELE,TKU,Waikato,Reference,,,14,True,False,status_first,2026-09-02-central-costs-scenarios-availability
hydro_storage_waikato_waikato_river_hydro_scheme,hydro_storage,waikato,hydro_storage,hydro_storage_waikato_waikato_river_hydro_scheme,1095.500000,0.000000,1.000000,,,,existing,edgs_status_current,True,Current,Waikato River hydro scheme,waikato_river_hydro_scheme,HydSC,"Hydro, schedulable",PELE,WKM,Waikato,Reference,,,14,True,False,status_first,2026-09-02-central-costs-scenarios-availability
ocgt_waikato_huntly_unit_1_gas,ocgt,waikato,ocgt,ocgt_waikato_huntly_unit_1_gas,50.000000,0.000000,1.000000,,,,existing,edgs_status_current,True,Current,Huntly Unit 1 (Gas),huntly_unit_1_gas,OCGT,Open cycle gas turbine,PELE,HLY,Waikato,Reference,,,14,False,False,status_first,2026-09-02-central-costs-scenarios-availability
ocgt_waikato_huntly_unit_2_gas,ocgt,waikato,ocgt,ocgt_waikato_huntly_unit_2_gas,50.000000,0.000000,1.000000,,,,existing,edgs_status_current,True,Current,Huntly Unit 2 (Gas),huntly_unit_2_gas,OCGT,Open cycle gas turbine,PELE,HLY,Waikato,Reference,,,14,False,False,status_first,2026-09-02-central-costs-scenarios-availability
ocgt_waikato_huntly_unit_6_p40,ocgt,waikato,ocgt,ocgt_waikato_huntly_unit_6_p40,50.800000,0.000000,1.000000,,,,existing,edgs_status_current,True,Current,Huntly Unit 6 (P40),huntly_unit_6_p40,OCGT,Open cycle gas turbine,PELE,HLY,Waikato,Reference,,,14,False,False,status_first,2026-09-02-central-costs-scenarios-availability
ocgt_waikato_waikato_power_plant,ocgt,waikato,ocgt,ocgt_waikato_waikato_power_plant,360.000000,0.000000,1.000000,2030,2030,,flexible,assumed_from_status_fully_consented,True,Fully consented,Waikato Power Plant,waikato_power_plant,OCGT,Open cycle gas turbine,PELE,HTI,Waikato,Reference,,,14,False,False,status_first,2026-09-02-central-costs-scenarios-availability
other_cogeneration_waikato_kinleith_cogeneration_plant,other_cogeneration,waikato,other_cogeneration,other_cogeneration_waikato_kinleith_cogeneration_plant,39.600000,0.000000,1.000000,,,,existing,edgs_status_current,True,Current,Kinleith cogeneration plant,kinleith_cogeneration_plant,OthCog,"Cogeneration, other",ACHP,KIN,Waikato,Reference,,,14,False,False,status_first,2026-09-02-central-costs-scenarios-availability
solar_waikato_generic_solar_101_200mw_42,solar,waikato,solar,solar_waikato_generic_solar_101_200mw_42,100.000000,0.000000,1.000000,2026,2026,,flexible,edgs_earliest_commissioning_year;shifted_after_base_year,True,Generic,Generic solar (101-200MW): 42,generic_solar_101_200mw_42,Solar,Solar,PELE,ARI,Waikato,Reference,2025,,14,False,True,status_first,2026-09-02-central-costs-scenarios-availability
solar_waikato_generic_solar_200mw+_29,solar,waikato,solar,solar_waikato_generic_solar_200mw+_29,200.000000,0.000000,1.000000,2026,2026,,flexible,edgs_earliest_commissioning_year;shifted_after_base_year,True,Generic,Generic solar (200MW+): 29,generic_solar_200mw+_29,Solar,Solar,PELE,HAM,Waikato,Reference,2025,,14,False,True,status_first,2026-09-02-central-costs-scenarios-availability
solar_waikato_generic_solar_200mw+_75,solar,waikato,solar,solar_waikato_generic_solar_200mw+_75,200.000000,0.000000,1.000000,2030,2030,,flexible,edgs_earliest_commissioning_year,True,Generic,Generic solar (200MW+): 75,generic_solar_200mw+_75,Solar,Solar,PELE,HLY,Waikato,Reference,2030,,14,False,True,status_first,2026-09-02-central-costs-scenarios-availability
solar_waikato_generic_solar_200mw+_81,solar,waikato,solar,solar_waikato_generic_solar_200mw+_81,200.000000,0.000000,1.000000,2030,2030,,flexible,edgs_earliest_commissioning_year,True,Generic,Generic solar (200MW+): 81,generic_solar_200mw+_81,Solar,Solar,PELE,HAM,Waikato,Reference,2030,,14,False,True,status_first,2026-09-02-central-costs-scenarios-availability
solar_waikato_generic_solar_<100_mw_46,solar,waikato,solar,solar_waikato_generic_solar_<100_mw_46,60.000000,0.000000,1.000000,2026,2026,,flexible,edgs_earliest_commissioning_year;shifted_after_base_year,True,Generic,Generic solar (<100 MW): 46,generic_solar_<100_mw_46,Solar,Solar,PELE,HIN,Waikato,Reference,2025,,14,False,True,status_first,2026-09-02-central-costs-scenarios-availability
solar_waikato_rangiriri_solar_farm,solar,waikato,solar,solar_waikato_rangiriri_solar_farm,130.000000,0.000000,1.000000,2030,2030,,flexible,assumed_from_status_fully_consented,True,Fully consented,Rangiriri solar farm,rangiriri_solar_farm,Solar,Solar,PELE,MER,Waikato,Reference,,,14,False,True,status_first,2026-09-02-central-costs-scenarios-availability
solar_waikato_tauhei_solar_farm,solar,waikato,solar,solar_waikato_tauhei_solar_farm,147.000000,0.000000,1.000000,2030,2030,,flexible,assumed_from_status_fully_consented,True,Fully consented,Tauhei solar farm,tauhei_solar_farm,Solar,Solar,PELE,WHU,Waikato,Reference,,,14,False,True,status_first,2026-09-02-central-costs-scenarios-availability
solar_waikato_waiterimu_solar_farm,solar,waikato,solar,solar_waikato_waiterimu_solar_farm,140.000000,0.000000,1.000000,2030,2030,,flexible,assumed_from_status_fully_consented,True,Fully consented,Waiterimu solar farm,waiterimu_solar_farm,Solar,Solar,PELE,WAT,Waikato,Reference,,,14,False,True,status_first,2026-09-02-central-costs-scenarios-availability
solar_waikato_warenga_solar_farm,solar,waikato,solar,solar_waikato_warenga_solar_farm,180.000000,0.000000,1.000000,2030,2030,,flexible,assumed_from_status_fully_consented,True,Fully consented,Warenga solar farm,warenga_solar_farm,Solar,Solar,PELE,HLY,Waikato,Reference,,,14,False,True,status_first,2026-09-02-central-costs-scenarios-availability
wind_waikato_generic_wind_no_20,wind,waikato,wind,wind_waikato_generic_wind_no_20,200.000000,0.000000,1.000000,2035,2035,,flexible,assumed_from_status_generic,True,Generic,Generic Wind No. 20,generic_wind_no_20,Wind,Wind,PELE,HLY,Waikato,Reference,,,14,False,True,status_first,2026-09-02-central-costs-scenarios-availability
wind_waikato_generic_wind_no_24,wind,waikato,wind,wind_waikato_generic_wind_no_24,300.000000,0.000000,1.000000,2035,2035,,flexible,assumed_from_status_generic,True,Generic,Generic Wind No. 24,generic_wind_no_24,Wind,Wind,PELE,WRK,Waikato,Reference,,,14,False,True,status_first,2026-09-02-central-costs-scenarios-availability
wind_waikato_generic_wind_no_55,wind,waikato,wind,wind_waikato_generic_wind_no_55,150.000000,0.000000,1.000000,2035,2035,,flexible,assumed_from_status_generic,True,Generic,Generic Wind No. 55,generic_wind_no_55,Wind,Wind,PELE,TKU,Waikato,Reference,,,14,False,True,status_first,2026-09-02-central-costs-scenarios-availability
wind_waikato_generic_wind_no_61,wind,waikato,wind,wind_waikato_generic_wind_no_61,10.000000,0.000000,1.000000,2035,2035,,flexible,assumed_from_status_generic,True,Generic,Generic Wind No. 61,generic_wind_no_61,Wind,Wind,PELE,WRK,Waikato,Reference,,,14,False,True,status_first,2026-09-02-central-costs-scenarios-availability
wind_waikato_generic_wind_no_71,wind,waikato,wind,wind_waikato_generic_wind_no_71,125.000000,0.000000,1.000000,2035,2035,,flexible,assumed_from_status_generic,True,Generic,Generic Wind No. 71,generic_wind_no_71,Wind,Wind,PELE,TKU,Waikato,Reference,,,14,False,True,status_first,2026-09-02-central-costs-scenarios-availability
wind_waikato_hapuakohe_wind_farm,wind,waikato,wind,wind_waikato_hapuakohe_wind_farm,230.000000,0.000000,1.000000,2028,2028,,flexible,edgs_earliest_commissioning_year,True,Early stages,Hapuakohe Wind Farm,hapuakohe_wind_farm,Wind,Wind,PELE,OHW,Waikato,Reference,2028,,14,False,True,status_first,2026-09-02-central-costs-scenarios-availability
wind_waikato_kaimai_wind_farm,wind,waikato,wind,wind_waikato_kaimai_wind_farm,100.000000,0.000000,1.000000,2026,2026,,flexible,edgs_fixed_commissioning_year_treated_as_candidate_availability;shifted_after_base_year,True,Early stages,Kaimai wind farm,kaimai_wind_farm,Wind,Wind,PELE,HAM,Waikato,Reference,,2025,14,False,True,status_first,2026-09-02-central-costs-scenarios-availability
wind_waikato_taumatatotara_stage_1,wind,waikato,wind,wind_waikato_taumatatotara_stage_1,40.000000,0.000000,1.000000,2026,2026,,flexible,edgs_earliest_commissioning_year;shifted_after_base_year,True,Fully consented,Taumatatotara (Stage 1),taumatatotara_stage_1,Wind,Wind,PELE,HTI,Waikato,Reference,2025,,14,False,True,status_first,2026-09-02-central-costs-scenarios-availability
wind_waikato_te_uku,wind,waikato,wind,wind_waikato_te_uku,64.400000,0.000000,1.000000,,,,existing,edgs_status_current,True,Current,Te Uku,te_uku,Wind,Wind,PELE,HAM,Waikato,Reference,,,14,False,True,status_first,2026-09-02-central-costs-scenarios-availability
solar_wellington_generic_solar_<100_mw_67,solar,wellington,solar,solar_wellington_generic_solar_<100_mw_67,80.000000,0.000000,1.000000,2050,2050,,flexible,edgs_earliest_commissioning_year,True,Generic,Generic solar (<100 MW): 67,generic_solar_<100_mw_67,Solar,Solar,PELE,UHT,Wellington,Reference,2050,,14,False,True,status_first,2026-09-02-central-costs-scenarios-availability
solar_wellington_greytown_solar_farm_fnsf,solar,wellington,solar,solar_wellington_greytown_solar_farm_fnsf,175.000000,0.000000,1.000000,2030,2030,,flexible,assumed_from_status_applied_for_consent,True,Applied for consent,Greytown Solar Farm (FNSF),greytown_solar_farm_fnsf,Solar,Solar,PELE,GYT,Wellington,Reference,,,14,False,True,status_first,2026-09-02-central-costs-scenarios-availability
solar_wellington_greytown_solar_farm,solar,wellington,solar,solar_wellington_greytown_solar_farm,100.000000,0.000000,1.000000,2040,2040,,flexible,assumed_from_status_early_stages,True,Early stages,Greytown solar farm,greytown_solar_farm,Solar,Solar,PELE,GYT,Wellington,Reference,,,14,False,True,status_first,2026-09-02-central-costs-scenarios-availability
solar_wellington_masterton_solar_farm_nz_clearn_energy,solar,wellington,solar,solar_wellington_masterton_solar_farm_nz_clearn_energy,100.000000,0.000000,1.000000,2040,2040,,flexible,assumed_from_status_early_stages,True,Early stages,Masterton Solar Farm (NZ Clearn Energy),masterton_solar_farm_nz_clearn_energy,Solar,Solar,PELE,MST,Wellington,Reference,,,14,False,True,status_first,2026-09-02-central-costs-scenarios-availability
solar_wellington_moroa_road_solar_farm,solar,wellington,solar,solar_wellington_moroa_road_solar_farm,175.000000,0.000000,1.000000,2030,2030,,flexible,assumed_from_status_applied_for_consent,True,Applied for consent,Moroa Road solar farm,moroa_road_solar_farm,Solar,Solar,PELE,GYT,Wellington,Reference,,,14,False,True,status_first,2026-09-02-central-costs-scenarios-availability
solar_wellington_wairarapa_solar_farm,solar,wellington,solar,solar_wellington_wairarapa_solar_farm,133.000000,0.000000,1.000000,2035,2035,,flexible,assumed_from_status_announced,True,Announced,Wairarapa solar farm,wairarapa_solar_farm,Solar,Solar,PELE,MST,Wellington,Reference,,,14,False,True,status_first,2026-09-02-central-costs-scenarios-availability
wind_wellington_castle_hill_wind_farm,wind,wellington,wind,wind_wellington_castle_hill_wind_farm,300.000000,0.000000,1.000000,2030,2030,,flexible,assumed_from_status_fully_consented,True,Fully consented,Castle Hill wind farm,castle_hill_wind_farm,Wind,Wind,PELE,MST,Wellington,Reference,,,14,False,True,status_first,2026-09-02-central-costs-scenarios-availability
wind_wellington_mill_creek,wind,wellington,wind,wind_wellington_mill_creek,60.000000,0.000000,1.000000,,,,existing,edgs_status_current,True,Current,Mill Creek,mill_creek,Wind,Wind,PELE,WIL,Wellington,Reference,,,14,False,True,status_first,2026-09-02-central-costs-scenarios-availability
wind_wellington_west_wind,wind,wellington,wind,wind_wellington_west_wind,142.600000,0.000000,1.000000,,,,existing,edgs_status_current,True,Current,West Wind,west_wind,Wind,Wind,PELE,WIL,Wellington,Reference,,,14,False,True,status_first,2026-09-02-central-costs-scenarios-availability
hydro_peaking_west_coast_arnold_valley_hydro,hydro_peaking,west_coast,hydro_peaking,hydro_peaking_west_coast_arnold_valley_hydro,46.000000,0.000000,1.000000,2040,2040,,flexible,assumed_from_status_consent_lapsed,True,Consent lapsed,Arnold Valley hydro,arnold_valley_hydro,HydPK,"Hydro, peaking",PELE,DOB,West Coast,Reference,,,14,True,False,status_first,2026-09-02-central-costs-scenarios-availability
hydro_run_of_river_west_coast_matakitaki_river_generic_hydro_plant,hydro_run_of_river,west_coast,hydro_run_of_river,hydro_run_of_river_west_coast_matakitaki_river_generic_hydro_plant,40.000000,0.000000,1.000000,2035,2035,,flexible,assumed_from_status_generic,True,Generic,Mātakitaki River generic hydro plant,matakitaki_river_generic_hydro_plant,HydRR,"Hydro, run of river",PELE,IGH,West Coast,Reference,,,14,True,False,status_first,2026-09-02-central-costs-scenarios-availability
hydro_run_of_river_west_coast_ngakawau_hydro_scheme,hydro_run_of_river,west_coast,hydro_run_of_river,hydro_run_of_river_west_coast_ngakawau_hydro_scheme,24.000000,0.000000,1.000000,2030,2030,,flexible,assumed_from_status_fully_consented,True,Fully consented,Ngākawau hydro scheme,ngakawau_hydro_scheme,HydRR,"Hydro, run of river",PELE,WMG,West Coast,Reference,,,14,True,False,status_first,2026-09-02-central-costs-scenarios-availability
hydro_run_of_river_west_coast_taramakau,hydro_run_of_river,west_coast,hydro_run_of_river,hydro_run_of_river_west_coast_taramakau,50.000000,0.000000,1.000000,2035,2035,,flexible,assumed_from_status_generic,True,Generic,Taramakau,taramakau,HydRR,"Hydro, run of river",PELE,IGH,West Coast,Reference,,,14,True,False,status_first,2026-09-02-central-costs-scenarios-availability
hydro_run_of_river_west_coast_whitcombe_river,hydro_run_of_river,west_coast,hydro_run_of_river,hydro_run_of_river_west_coast_whitcombe_river,30.000000,0.000000,1.000000,2035,2035,,flexible,assumed_from_status_generic,True,Generic,Whitcombe River,whitcombe_river,HydRR,"Hydro, run of river",PELE,IGH,West Coast,Reference,,,14,True,False,status_first,2026-09-02-central-costs-scenarios-availability
wind_west_coast_generic_wind_no_62,wind,west_coast,wind,wind_west_coast_generic_wind_no_62,75.000000,0.000000,1.000000,2035,2035,,flexible,assumed_from_status_generic,True,Generic,Generic Wind No. 62,generic_wind_no_62,Wind,Wind,PELE,WPT,West Coast,Reference,,,14,False,True,status_first,2026-09-02-central-costs-scenarios-availability
